用户ID,课程名,章节,章节顺序,是否进入,是否完成该章,该章学习时长分钟,总学习时长
U020000,Python 数据分析,章节1-入门,1,1,1,33,639
U020000,Python 数据分析,章节2-基础,2,1,1,67,639
U020000,Python 数据分析,章节3-进阶,3,1,1,24,639
U020000,Python 数据分析,章节4-实战,4,1,1,52,639
U020000,Python 数据分析,章节5-综合,5,0,0,0,639
U020001,Excel 高级应用,章节1-入门,1,1,1,17,128
U020001,Excel 高级应用,章节2-基础,2,0,0,0,128
U020001,Excel 高级应用,章节3-进阶,3,0,0,0,128
U020001,Excel 高级应用,章节4-实战,4,0,0,0,128
U020001,Excel 高级应用,章节5-综合,5,0,0,0,128
U020002,Python 数据分析,章节1-入门,1,1,1,16,883
U020002,Python 数据分析,章节2-基础,2,1,0,54,883
U020002,Python 数据分析,章节3-进阶,3,0,0,0,883
U020002,Python 数据分析,章节4-实战,4,0,0,0,883
U020002,Python 数据分析,章节5-综合,5,0,0,0,883
U020003,机器学习入门,章节1-入门,1,1,1,63,243
U020003,机器学习入门,章节2-基础,2,1,1,71,243
U020003,机器学习入门,章节3-进阶,3,1,1,74,243
U020003,机器学习入门,章节4-实战,4,1,1,44,243
U020003,机器学习入门,章节5-综合,5,1,1,48,243
U020004,Python 数据分析,章节1-入门,1,1,1,77,543
U020004,Python 数据分析,章节2-基础,2,1,1,58,543
U020004,Python 数据分析,章节3-进阶,3,1,1,11,543
U020004,Python 数据分析,章节4-实战,4,1,1,74,543
U020004,Python 数据分析,章节5-综合,5,1,1,41,543
U020005,机器学习入门,章节1-入门,1,1,1,33,824
U020005,机器学习入门,章节2-基础,2,1,1,20,824
U020005,机器学习入门,章节3-进阶,3,1,1,74,824
U020005,机器学习入门,章节4-实战,4,0,0,0,824
U020005,机器学习入门,章节5-综合,5,0,0,0,824
U020006,机器学习入门,章节1-入门,1,1,1,31,152
U020006,机器学习入门,章节2-基础,2,1,1,45,152
U020006,机器学习入门,章节3-进阶,3,1,1,77,152
U020006,机器学习入门,章节4-实战,4,1,1,29,152
U020006,机器学习入门,章节5-综合,5,1,0,29,152
U020007,机器学习入门,章节1-入门,1,1,1,41,757
U020007,机器学习入门,章节2-基础,2,1,1,60,757
U020007,机器学习入门,章节3-进阶,3,0,0,0,757
U020007,机器学习入门,章节4-实战,4,0,0,0,757
U020007,机器学习入门,章节5-综合,5,0,0,0,757
U020008,Excel 高级应用,章节1-入门,1,1,1,68,639
U020008,Excel 高级应用,章节2-基础,2,1,1,57,639
U020008,Excel 高级应用,章节3-进阶,3,1,1,19,639
U020008,Excel 高级应用,章节4-实战,4,0,0,0,639
U020008,Excel 高级应用,章节5-综合,5,0,0,0,639
U020009,Python 数据分析,章节1-入门,1,1,1,30,714
U020009,Python 数据分析,章节2-基础,2,1,1,63,714
U020009,Python 数据分析,章节3-进阶,3,1,1,25,714
U020009,Python 数据分析,章节4-实战,4,1,1,58,714
U020009,Python 数据分析,章节5-综合,5,0,0,0,714
U020010,Python 数据分析,章节1-入门,1,1,1,64,534
U020010,Python 数据分析,章节2-基础,2,1,1,53,534
U020010,Python 数据分析,章节3-进阶,3,1,1,60,534
U020010,Python 数据分析,章节4-实战,4,0,0,0,534
U020010,Python 数据分析,章节5-综合,5,0,0,0,534
U020011,机器学习入门,章节1-入门,1,1,1,48,857
U020011,机器学习入门,章节2-基础,2,0,0,0,857
U020011,机器学习入门,章节3-进阶,3,0,0,0,857
U020011,机器学习入门,章节4-实战,4,0,0,0,857
U020011,机器学习入门,章节5-综合,5,0,0,0,857
U020012,机器学习入门,章节1-入门,1,1,1,17,104
U020012,机器学习入门,章节2-基础,2,1,1,79,104
U020012,机器学习入门,章节3-进阶,3,1,1,51,104
U020012,机器学习入门,章节4-实战,4,0,0,0,104
U020012,机器学习入门,章节5-综合,5,0,0,0,104
U020013,机器学习入门,章节1-入门,1,1,1,72,824
U020013,机器学习入门,章节2-基础,2,1,1,22,824
U020013,机器学习入门,章节3-进阶,3,0,0,0,824
U020013,机器学习入门,章节4-实战,4,0,0,0,824
U020013,机器学习入门,章节5-综合,5,0,0,0,824
U020014,Excel 高级应用,章节1-入门,1,1,1,27,503
U020014,Excel 高级应用,章节2-基础,2,1,1,15,503
U020014,Excel 高级应用,章节3-进阶,3,1,1,64,503
U020014,Excel 高级应用,章节4-实战,4,0,0,0,503
U020014,Excel 高级应用,章节5-综合,5,0,0,0,503
U020015,Python 数据分析,章节1-入门,1,1,1,57,242
U020015,Python 数据分析,章节2-基础,2,1,1,31,242
U020015,Python 数据分析,章节3-进阶,3,0,0,0,242
U020015,Python 数据分析,章节4-实战,4,0,0,0,242
U020015,Python 数据分析,章节5-综合,5,0,0,0,242
U020016,Python 数据分析,章节1-入门,1,1,1,16,293
U020016,Python 数据分析,章节2-基础,2,1,1,40,293
U020016,Python 数据分析,章节3-进阶,3,1,1,66,293
U020016,Python 数据分析,章节4-实战,4,1,1,65,293
U020016,Python 数据分析,章节5-综合,5,0,0,0,293
U020017,机器学习入门,章节1-入门,1,1,1,68,771
U020017,机器学习入门,章节2-基础,2,1,1,51,771
U020017,机器学习入门,章节3-进阶,3,1,1,53,771
U020017,机器学习入门,章节4-实战,4,0,0,0,771
U020017,机器学习入门,章节5-综合,5,0,0,0,771
U020018,Excel 高级应用,章节1-入门,1,1,1,15,460
U020018,Excel 高级应用,章节2-基础,2,1,1,45,460
U020018,Excel 高级应用,章节3-进阶,3,1,1,42,460
U020018,Excel 高级应用,章节4-实战,4,1,1,43,460
U020018,Excel 高级应用,章节5-综合,5,1,1,24,460
U020019,机器学习入门,章节1-入门,1,1,1,65,350
U020019,机器学习入门,章节2-基础,2,0,0,0,350
U020019,机器学习入门,章节3-进阶,3,0,0,0,350
U020019,机器学习入门,章节4-实战,4,0,0,0,350
U020019,机器学习入门,章节5-综合,5,0,0,0,350
U020020,Excel 高级应用,章节1-入门,1,1,1,53,329
U020020,Excel 高级应用,章节2-基础,2,1,1,11,329
U020020,Excel 高级应用,章节3-进阶,3,1,1,58,329
U020020,Excel 高级应用,章节4-实战,4,0,0,0,329
U020020,Excel 高级应用,章节5-综合,5,0,0,0,329
U020021,机器学习入门,章节1-入门,1,1,1,74,221
U020021,机器学习入门,章节2-基础,2,1,1,68,221
U020021,机器学习入门,章节3-进阶,3,1,1,62,221
U020021,机器学习入门,章节4-实战,4,0,0,0,221
U020021,机器学习入门,章节5-综合,5,0,0,0,221
U020022,Excel 高级应用,章节1-入门,1,1,1,54,68
U020022,Excel 高级应用,章节2-基础,2,1,1,61,68
U020022,Excel 高级应用,章节3-进阶,3,1,1,64,68
U020022,Excel 高级应用,章节4-实战,4,1,1,52,68
U020022,Excel 高级应用,章节5-综合,5,1,1,25,68
U020023,Python 数据分析,章节1-入门,1,1,1,19,748
U020023,Python 数据分析,章节2-基础,2,0,0,0,748
U020023,Python 数据分析,章节3-进阶,3,0,0,0,748
U020023,Python 数据分析,章节4-实战,4,0,0,0,748
U020023,Python 数据分析,章节5-综合,5,0,0,0,748
U020024,Excel 高级应用,章节1-入门,1,1,1,53,236
U020024,Excel 高级应用,章节2-基础,2,1,1,15,236
U020024,Excel 高级应用,章节3-进阶,3,1,1,31,236
U020024,Excel 高级应用,章节4-实战,4,1,1,21,236
U020024,Excel 高级应用,章节5-综合,5,0,0,0,236
U020025,Excel 高级应用,章节1-入门,1,1,1,59,608
U020025,Excel 高级应用,章节2-基础,2,0,0,0,608
U020025,Excel 高级应用,章节3-进阶,3,0,0,0,608
U020025,Excel 高级应用,章节4-实战,4,0,0,0,608
U020025,Excel 高级应用,章节5-综合,5,0,0,0,608
U020026,机器学习入门,章节1-入门,1,1,1,17,496
U020026,机器学习入门,章节2-基础,2,1,1,68,496
U020026,机器学习入门,章节3-进阶,3,1,1,60,496
U020026,机器学习入门,章节4-实战,4,1,1,58,496
U020026,机器学习入门,章节5-综合,5,1,0,72,496
U020027,机器学习入门,章节1-入门,1,1,1,34,137
U020027,机器学习入门,章节2-基础,2,1,0,59,137
U020027,机器学习入门,章节3-进阶,3,0,0,0,137
U020027,机器学习入门,章节4-实战,4,0,0,0,137
U020027,机器学习入门,章节5-综合,5,0,0,0,137
U020028,Excel 高级应用,章节1-入门,1,1,1,78,391
U020028,Excel 高级应用,章节2-基础,2,1,1,71,391
U020028,Excel 高级应用,章节3-进阶,3,1,1,53,391
U020028,Excel 高级应用,章节4-实战,4,1,1,36,391
U020028,Excel 高级应用,章节5-综合,5,0,0,0,391
U020029,Python 数据分析,章节1-入门,1,1,1,62,580
U020029,Python 数据分析,章节2-基础,2,1,1,32,580
U020029,Python 数据分析,章节3-进阶,3,1,1,66,580
U020029,Python 数据分析,章节4-实战,4,1,1,22,580
U020029,Python 数据分析,章节5-综合,5,0,0,0,580
U020030,Python 数据分析,章节1-入门,1,1,1,28,336
U020030,Python 数据分析,章节2-基础,2,0,0,0,336
U020030,Python 数据分析,章节3-进阶,3,0,0,0,336
U020030,Python 数据分析,章节4-实战,4,0,0,0,336
U020030,Python 数据分析,章节5-综合,5,0,0,0,336
U020031,Python 数据分析,章节1-入门,1,1,1,32,181
U020031,Python 数据分析,章节2-基础,2,1,1,28,181
U020031,Python 数据分析,章节3-进阶,3,1,1,15,181
U020031,Python 数据分析,章节4-实战,4,0,0,0,181
U020031,Python 数据分析,章节5-综合,5,0,0,0,181
U020032,机器学习入门,章节1-入门,1,1,1,26,217
U020032,机器学习入门,章节2-基础,2,1,1,52,217
U020032,机器学习入门,章节3-进阶,3,1,1,56,217
U020032,机器学习入门,章节4-实战,4,1,1,76,217
U020032,机器学习入门,章节5-综合,5,0,0,0,217
U020033,Python 数据分析,章节1-入门,1,1,1,65,151
U020033,Python 数据分析,章节2-基础,2,1,1,26,151
U020033,Python 数据分析,章节3-进阶,3,1,1,15,151
U020033,Python 数据分析,章节4-实战,4,1,1,54,151
U020033,Python 数据分析,章节5-综合,5,1,1,72,151
U020034,Excel 高级应用,章节1-入门,1,1,1,56,301
U020034,Excel 高级应用,章节2-基础,2,1,1,19,301
U020034,Excel 高级应用,章节3-进阶,3,1,1,45,301
U020034,Excel 高级应用,章节4-实战,4,1,1,42,301
U020034,Excel 高级应用,章节5-综合,5,0,0,0,301
U020035,机器学习入门,章节1-入门,1,1,1,43,272
U020035,机器学习入门,章节2-基础,2,1,1,31,272
U020035,机器学习入门,章节3-进阶,3,1,1,57,272
U020035,机器学习入门,章节4-实战,4,0,0,0,272
U020035,机器学习入门,章节5-综合,5,0,0,0,272
U020036,Python 数据分析,章节1-入门,1,1,1,63,743
U020036,Python 数据分析,章节2-基础,2,1,1,29,743
U020036,Python 数据分析,章节3-进阶,3,0,0,0,743
U020036,Python 数据分析,章节4-实战,4,0,0,0,743
U020036,Python 数据分析,章节5-综合,5,0,0,0,743
U020037,Excel 高级应用,章节1-入门,1,1,1,43,287
U020037,Excel 高级应用,章节2-基础,2,1,1,18,287
U020037,Excel 高级应用,章节3-进阶,3,1,1,28,287
U020037,Excel 高级应用,章节4-实战,4,0,0,0,287
U020037,Excel 高级应用,章节5-综合,5,0,0,0,287
U020038,机器学习入门,章节1-入门,1,1,1,23,644
U020038,机器学习入门,章节2-基础,2,1,1,59,644
U020038,机器学习入门,章节3-进阶,3,0,0,0,644
U020038,机器学习入门,章节4-实战,4,0,0,0,644
U020038,机器学习入门,章节5-综合,5,0,0,0,644
U020039,Excel 高级应用,章节1-入门,1,1,1,11,668
U020039,Excel 高级应用,章节2-基础,2,1,1,47,668
U020039,Excel 高级应用,章节3-进阶,3,1,1,53,668
U020039,Excel 高级应用,章节4-实战,4,0,0,0,668
U020039,Excel 高级应用,章节5-综合,5,0,0,0,668
U020040,Excel 高级应用,章节1-入门,1,1,1,18,171
U020040,Excel 高级应用,章节2-基础,2,1,1,67,171
U020040,Excel 高级应用,章节3-进阶,3,0,0,0,171
U020040,Excel 高级应用,章节4-实战,4,0,0,0,171
U020040,Excel 高级应用,章节5-综合,5,0,0,0,171
U020041,Python 数据分析,章节1-入门,1,1,1,76,314
U020041,Python 数据分析,章节2-基础,2,1,1,32,314
U020041,Python 数据分析,章节3-进阶,3,1,0,51,314
U020041,Python 数据分析,章节4-实战,4,0,0,0,314
U020041,Python 数据分析,章节5-综合,5,0,0,0,314
U020042,Python 数据分析,章节1-入门,1,1,1,51,489
U020042,Python 数据分析,章节2-基础,2,0,0,0,489
U020042,Python 数据分析,章节3-进阶,3,0,0,0,489
U020042,Python 数据分析,章节4-实战,4,0,0,0,489
U020042,Python 数据分析,章节5-综合,5,0,0,0,489
U020043,Python 数据分析,章节1-入门,1,1,1,46,414
U020043,Python 数据分析,章节2-基础,2,1,1,79,414
U020043,Python 数据分析,章节3-进阶,3,1,1,69,414
U020043,Python 数据分析,章节4-实战,4,1,1,13,414
U020043,Python 数据分析,章节5-综合,5,1,1,56,414
U020044,Excel 高级应用,章节1-入门,1,1,1,67,238
U020044,Excel 高级应用,章节2-基础,2,0,0,0,238
U020044,Excel 高级应用,章节3-进阶,3,0,0,0,238
U020044,Excel 高级应用,章节4-实战,4,0,0,0,238
U020044,Excel 高级应用,章节5-综合,5,0,0,0,238
U020045,Excel 高级应用,章节1-入门,1,1,1,21,788
U020045,Excel 高级应用,章节2-基础,2,1,1,36,788
U020045,Excel 高级应用,章节3-进阶,3,1,1,44,788
U020045,Excel 高级应用,章节4-实战,4,1,1,51,788
U020045,Excel 高级应用,章节5-综合,5,1,1,73,788
U020046,Excel 高级应用,章节1-入门,1,1,1,14,255
U020046,Excel 高级应用,章节2-基础,2,1,1,68,255
U020046,Excel 高级应用,章节3-进阶,3,0,0,0,255
U020046,Excel 高级应用,章节4-实战,4,0,0,0,255
U020046,Excel 高级应用,章节5-综合,5,0,0,0,255
U020047,Python 数据分析,章节1-入门,1,1,1,14,132
U020047,Python 数据分析,章节2-基础,2,1,1,30,132
U020047,Python 数据分析,章节3-进阶,3,0,0,0,132
U020047,Python 数据分析,章节4-实战,4,0,0,0,132
U020047,Python 数据分析,章节5-综合,5,0,0,0,132
U020048,Python 数据分析,章节1-入门,1,1,1,59,603
U020048,Python 数据分析,章节2-基础,2,1,1,32,603
U020048,Python 数据分析,章节3-进阶,3,1,0,74,603
U020048,Python 数据分析,章节4-实战,4,0,0,0,603
U020048,Python 数据分析,章节5-综合,5,0,0,0,603
U020049,Excel 高级应用,章节1-入门,1,1,1,10,464
U020049,Excel 高级应用,章节2-基础,2,0,0,0,464
U020049,Excel 高级应用,章节3-进阶,3,0,0,0,464
U020049,Excel 高级应用,章节4-实战,4,0,0,0,464
U020049,Excel 高级应用,章节5-综合,5,0,0,0,464
U020050,Python 数据分析,章节1-入门,1,1,1,38,179
U020050,Python 数据分析,章节2-基础,2,1,1,51,179
U020050,Python 数据分析,章节3-进阶,3,1,1,45,179
U020050,Python 数据分析,章节4-实战,4,1,1,55,179
U020050,Python 数据分析,章节5-综合,5,1,1,21,179
U020051,Python 数据分析,章节1-入门,1,1,1,38,466
U020051,Python 数据分析,章节2-基础,2,1,1,46,466
U020051,Python 数据分析,章节3-进阶,3,1,1,76,466
U020051,Python 数据分析,章节4-实战,4,1,1,64,466
U020051,Python 数据分析,章节5-综合,5,1,1,18,466
U020052,Excel 高级应用,章节1-入门,1,1,1,66,204
U020052,Excel 高级应用,章节2-基础,2,1,1,56,204
U020052,Excel 高级应用,章节3-进阶,3,0,0,0,204
U020052,Excel 高级应用,章节4-实战,4,0,0,0,204
U020052,Excel 高级应用,章节5-综合,5,0,0,0,204
U020053,Python 数据分析,章节1-入门,1,1,1,54,856
U020053,Python 数据分析,章节2-基础,2,1,1,46,856
U020053,Python 数据分析,章节3-进阶,3,1,1,50,856
U020053,Python 数据分析,章节4-实战,4,0,0,0,856
U020053,Python 数据分析,章节5-综合,5,0,0,0,856
U020054,Excel 高级应用,章节1-入门,1,1,1,17,315
U020054,Excel 高级应用,章节2-基础,2,0,0,0,315
U020054,Excel 高级应用,章节3-进阶,3,0,0,0,315
U020054,Excel 高级应用,章节4-实战,4,0,0,0,315
U020054,Excel 高级应用,章节5-综合,5,0,0,0,315
U020055,Excel 高级应用,章节1-入门,1,1,1,62,893
U020055,Excel 高级应用,章节2-基础,2,0,0,0,893
U020055,Excel 高级应用,章节3-进阶,3,0,0,0,893
U020055,Excel 高级应用,章节4-实战,4,0,0,0,893
U020055,Excel 高级应用,章节5-综合,5,0,0,0,893
U020056,机器学习入门,章节1-入门,1,1,1,31,438
U020056,机器学习入门,章节2-基础,2,1,1,47,438
U020056,机器学习入门,章节3-进阶,3,0,0,0,438
U020056,机器学习入门,章节4-实战,4,0,0,0,438
U020056,机器学习入门,章节5-综合,5,0,0,0,438
U020057,机器学习入门,章节1-入门,1,1,0,73,473
U020057,机器学习入门,章节2-基础,2,0,0,0,473
U020057,机器学习入门,章节3-进阶,3,0,0,0,473
U020057,机器学习入门,章节4-实战,4,0,0,0,473
U020057,机器学习入门,章节5-综合,5,0,0,0,473
U020058,Excel 高级应用,章节1-入门,1,1,1,45,393
U020058,Excel 高级应用,章节2-基础,2,1,1,43,393
U020058,Excel 高级应用,章节3-进阶,3,1,1,48,393
U020058,Excel 高级应用,章节4-实战,4,1,1,78,393
U020058,Excel 高级应用,章节5-综合,5,1,1,16,393
U020059,机器学习入门,章节1-入门,1,1,1,18,746
U020059,机器学习入门,章节2-基础,2,0,0,0,746
U020059,机器学习入门,章节3-进阶,3,0,0,0,746
U020059,机器学习入门,章节4-实战,4,0,0,0,746
U020059,机器学习入门,章节5-综合,5,0,0,0,746
U020060,机器学习入门,章节1-入门,1,1,1,28,214
U020060,机器学习入门,章节2-基础,2,1,1,33,214
U020060,机器学习入门,章节3-进阶,3,1,1,55,214
U020060,机器学习入门,章节4-实战,4,0,0,0,214
U020060,机器学习入门,章节5-综合,5,0,0,0,214
U020061,机器学习入门,章节1-入门,1,1,1,68,852
U020061,机器学习入门,章节2-基础,2,1,1,46,852
U020061,机器学习入门,章节3-进阶,3,1,1,52,852
U020061,机器学习入门,章节4-实战,4,1,1,57,852
U020061,机器学习入门,章节5-综合,5,1,1,11,852
U020062,Python 数据分析,章节1-入门,1,1,1,37,746
U020062,Python 数据分析,章节2-基础,2,0,0,0,746
U020062,Python 数据分析,章节3-进阶,3,0,0,0,746
U020062,Python 数据分析,章节4-实战,4,0,0,0,746
U020062,Python 数据分析,章节5-综合,5,0,0,0,746
U020063,Excel 高级应用,章节1-入门,1,1,1,65,661
U020063,Excel 高级应用,章节2-基础,2,0,0,0,661
U020063,Excel 高级应用,章节3-进阶,3,0,0,0,661
U020063,Excel 高级应用,章节4-实战,4,0,0,0,661
U020063,Excel 高级应用,章节5-综合,5,0,0,0,661
U020064,机器学习入门,章节1-入门,1,1,1,67,166
U020064,机器学习入门,章节2-基础,2,1,1,56,166
U020064,机器学习入门,章节3-进阶,3,1,0,69,166
U020064,机器学习入门,章节4-实战,4,0,0,0,166
U020064,机器学习入门,章节5-综合,5,0,0,0,166
U020065,Python 数据分析,章节1-入门,1,1,0,27,446
U020065,Python 数据分析,章节2-基础,2,0,0,0,446
U020065,Python 数据分析,章节3-进阶,3,0,0,0,446
U020065,Python 数据分析,章节4-实战,4,0,0,0,446
U020065,Python 数据分析,章节5-综合,5,0,0,0,446
U020066,Python 数据分析,章节1-入门,1,1,1,68,661
U020066,Python 数据分析,章节2-基础,2,1,1,13,661
U020066,Python 数据分析,章节3-进阶,3,1,1,40,661
U020066,Python 数据分析,章节4-实战,4,1,1,72,661
U020066,Python 数据分析,章节5-综合,5,0,0,0,661
U020067,Python 数据分析,章节1-入门,1,1,1,54,180
U020067,Python 数据分析,章节2-基础,2,0,0,0,180
U020067,Python 数据分析,章节3-进阶,3,0,0,0,180
U020067,Python 数据分析,章节4-实战,4,0,0,0,180
U020067,Python 数据分析,章节5-综合,5,0,0,0,180
U020068,机器学习入门,章节1-入门,1,1,1,64,627
U020068,机器学习入门,章节2-基础,2,1,1,75,627
U020068,机器学习入门,章节3-进阶,3,1,1,16,627
U020068,机器学习入门,章节4-实战,4,1,1,58,627
U020068,机器学习入门,章节5-综合,5,1,0,65,627
U020069,Excel 高级应用,章节1-入门,1,1,1,40,676
U020069,Excel 高级应用,章节2-基础,2,1,1,36,676
U020069,Excel 高级应用,章节3-进阶,3,1,1,56,676
U020069,Excel 高级应用,章节4-实战,4,1,1,65,676
U020069,Excel 高级应用,章节5-综合,5,1,1,36,676
U020070,机器学习入门,章节1-入门,1,1,1,47,721
U020070,机器学习入门,章节2-基础,2,0,0,0,721
U020070,机器学习入门,章节3-进阶,3,0,0,0,721
U020070,机器学习入门,章节4-实战,4,0,0,0,721
U020070,机器学习入门,章节5-综合,5,0,0,0,721
U020071,Python 数据分析,章节1-入门,1,1,1,65,361
U020071,Python 数据分析,章节2-基础,2,1,1,27,361
U020071,Python 数据分析,章节3-进阶,3,1,1,72,361
U020071,Python 数据分析,章节4-实战,4,1,1,57,361
U020071,Python 数据分析,章节5-综合,5,1,1,50,361
U020072,Excel 高级应用,章节1-入门,1,1,1,62,92
U020072,Excel 高级应用,章节2-基础,2,1,1,14,92
U020072,Excel 高级应用,章节3-进阶,3,0,0,0,92
U020072,Excel 高级应用,章节4-实战,4,0,0,0,92
U020072,Excel 高级应用,章节5-综合,5,0,0,0,92
U020073,机器学习入门,章节1-入门,1,1,1,12,60
U020073,机器学习入门,章节2-基础,2,1,1,32,60
U020073,机器学习入门,章节3-进阶,3,0,0,0,60
U020073,机器学习入门,章节4-实战,4,0,0,0,60
U020073,机器学习入门,章节5-综合,5,0,0,0,60
U020074,机器学习入门,章节1-入门,1,1,1,63,179
U020074,机器学习入门,章节2-基础,2,1,0,62,179
U020074,机器学习入门,章节3-进阶,3,0,0,0,179
U020074,机器学习入门,章节4-实战,4,0,0,0,179
U020074,机器学习入门,章节5-综合,5,0,0,0,179
U020075,Excel 高级应用,章节1-入门,1,1,0,77,691
U020075,Excel 高级应用,章节2-基础,2,0,0,0,691
U020075,Excel 高级应用,章节3-进阶,3,0,0,0,691
U020075,Excel 高级应用,章节4-实战,4,0,0,0,691
U020075,Excel 高级应用,章节5-综合,5,0,0,0,691
U020076,Python 数据分析,章节1-入门,1,1,1,26,835
U020076,Python 数据分析,章节2-基础,2,1,1,14,835
U020076,Python 数据分析,章节3-进阶,3,0,0,0,835
U020076,Python 数据分析,章节4-实战,4,0,0,0,835
U020076,Python 数据分析,章节5-综合,5,0,0,0,835
U020077,Excel 高级应用,章节1-入门,1,1,1,73,393
U020077,Excel 高级应用,章节2-基础,2,1,1,14,393
U020077,Excel 高级应用,章节3-进阶,3,0,0,0,393
U020077,Excel 高级应用,章节4-实战,4,0,0,0,393
U020077,Excel 高级应用,章节5-综合,5,0,0,0,393
U020078,机器学习入门,章节1-入门,1,1,1,37,488
U020078,机器学习入门,章节2-基础,2,0,0,0,488
U020078,机器学习入门,章节3-进阶,3,0,0,0,488
U020078,机器学习入门,章节4-实战,4,0,0,0,488
U020078,机器学习入门,章节5-综合,5,0,0,0,488
U020079,Python 数据分析,章节1-入门,1,1,1,10,65
U020079,Python 数据分析,章节2-基础,2,1,1,49,65
U020079,Python 数据分析,章节3-进阶,3,0,0,0,65
U020079,Python 数据分析,章节4-实战,4,0,0,0,65
U020079,Python 数据分析,章节5-综合,5,0,0,0,65
U020080,Excel 高级应用,章节1-入门,1,1,1,34,112
U020080,Excel 高级应用,章节2-基础,2,1,1,12,112
U020080,Excel 高级应用,章节3-进阶,3,1,1,60,112
U020080,Excel 高级应用,章节4-实战,4,0,0,0,112
U020080,Excel 高级应用,章节5-综合,5,0,0,0,112
U020081,Python 数据分析,章节1-入门,1,1,1,35,412
U020081,Python 数据分析,章节2-基础,2,1,1,51,412
U020081,Python 数据分析,章节3-进阶,3,1,1,68,412
U020081,Python 数据分析,章节4-实战,4,1,1,61,412
U020081,Python 数据分析,章节5-综合,5,1,1,45,412
U020082,Python 数据分析,章节1-入门,1,1,1,75,580
U020082,Python 数据分析,章节2-基础,2,1,1,56,580
U020082,Python 数据分析,章节3-进阶,3,0,0,0,580
U020082,Python 数据分析,章节4-实战,4,0,0,0,580
U020082,Python 数据分析,章节5-综合,5,0,0,0,580
U020083,机器学习入门,章节1-入门,1,1,1,74,199
U020083,机器学习入门,章节2-基础,2,1,1,20,199
U020083,机器学习入门,章节3-进阶,3,1,1,43,199
U020083,机器学习入门,章节4-实战,4,1,1,37,199
U020083,机器学习入门,章节5-综合,5,1,1,41,199
U020084,Python 数据分析,章节1-入门,1,1,1,76,793
U020084,Python 数据分析,章节2-基础,2,1,1,75,793
U020084,Python 数据分析,章节3-进阶,3,1,1,73,793
U020084,Python 数据分析,章节4-实战,4,1,1,15,793
U020084,Python 数据分析,章节5-综合,5,1,1,48,793
U020085,Excel 高级应用,章节1-入门,1,1,1,26,180
U020085,Excel 高级应用,章节2-基础,2,1,1,15,180
U020085,Excel 高级应用,章节3-进阶,3,1,1,12,180
U020085,Excel 高级应用,章节4-实战,4,0,0,0,180
U020085,Excel 高级应用,章节5-综合,5,0,0,0,180
U020086,Excel 高级应用,章节1-入门,1,1,1,61,285
U020086,Excel 高级应用,章节2-基础,2,1,1,59,285
U020086,Excel 高级应用,章节3-进阶,3,1,1,64,285
U020086,Excel 高级应用,章节4-实战,4,1,1,20,285
U020086,Excel 高级应用,章节5-综合,5,1,1,53,285
U020087,Excel 高级应用,章节1-入门,1,1,1,67,782
U020087,Excel 高级应用,章节2-基础,2,1,1,10,782
U020087,Excel 高级应用,章节3-进阶,3,1,1,55,782
U020087,Excel 高级应用,章节4-实战,4,0,0,0,782
U020087,Excel 高级应用,章节5-综合,5,0,0,0,782
U020088,机器学习入门,章节1-入门,1,1,1,70,535
U020088,机器学习入门,章节2-基础,2,1,1,25,535
U020088,机器学习入门,章节3-进阶,3,1,1,29,535
U020088,机器学习入门,章节4-实战,4,0,0,0,535
U020088,机器学习入门,章节5-综合,5,0,0,0,535
U020089,Excel 高级应用,章节1-入门,1,1,1,74,551
U020089,Excel 高级应用,章节2-基础,2,1,1,49,551
U020089,Excel 高级应用,章节3-进阶,3,0,0,0,551
U020089,Excel 高级应用,章节4-实战,4,0,0,0,551
U020089,Excel 高级应用,章节5-综合,5,0,0,0,551
U020090,Python 数据分析,章节1-入门,1,1,1,49,694
U020090,Python 数据分析,章节2-基础,2,1,1,24,694
U020090,Python 数据分析,章节3-进阶,3,1,1,37,694
U020090,Python 数据分析,章节4-实战,4,1,1,12,694
U020090,Python 数据分析,章节5-综合,5,0,0,0,694
U020091,Excel 高级应用,章节1-入门,1,1,1,76,701
U020091,Excel 高级应用,章节2-基础,2,1,1,40,701
U020091,Excel 高级应用,章节3-进阶,3,1,1,78,701
U020091,Excel 高级应用,章节4-实战,4,1,1,55,701
U020091,Excel 高级应用,章节5-综合,5,1,1,40,701
U020092,Python 数据分析,章节1-入门,1,1,1,75,739
U020092,Python 数据分析,章节2-基础,2,1,1,57,739
U020092,Python 数据分析,章节3-进阶,3,0,0,0,739
U020092,Python 数据分析,章节4-实战,4,0,0,0,739
U020092,Python 数据分析,章节5-综合,5,0,0,0,739
U020093,Excel 高级应用,章节1-入门,1,1,1,47,519
U020093,Excel 高级应用,章节2-基础,2,0,0,0,519
U020093,Excel 高级应用,章节3-进阶,3,0,0,0,519
U020093,Excel 高级应用,章节4-实战,4,0,0,0,519
U020093,Excel 高级应用,章节5-综合,5,0,0,0,519
U020094,Excel 高级应用,章节1-入门,1,1,1,11,482
U020094,Excel 高级应用,章节2-基础,2,0,0,0,482
U020094,Excel 高级应用,章节3-进阶,3,0,0,0,482
U020094,Excel 高级应用,章节4-实战,4,0,0,0,482
U020094,Excel 高级应用,章节5-综合,5,0,0,0,482
U020095,Python 数据分析,章节1-入门,1,1,1,58,262
U020095,Python 数据分析,章节2-基础,2,1,1,12,262
U020095,Python 数据分析,章节3-进阶,3,1,1,41,262
U020095,Python 数据分析,章节4-实战,4,0,0,0,262
U020095,Python 数据分析,章节5-综合,5,0,0,0,262
U020096,机器学习入门,章节1-入门,1,1,1,16,821
U020096,机器学习入门,章节2-基础,2,1,1,32,821
U020096,机器学习入门,章节3-进阶,3,1,1,41,821
U020096,机器学习入门,章节4-实战,4,0,0,0,821
U020096,机器学习入门,章节5-综合,5,0,0,0,821
U020097,Excel 高级应用,章节1-入门,1,1,1,41,417
U020097,Excel 高级应用,章节2-基础,2,1,1,68,417
U020097,Excel 高级应用,章节3-进阶,3,1,1,48,417
U020097,Excel 高级应用,章节4-实战,4,1,1,10,417
U020097,Excel 高级应用,章节5-综合,5,0,0,0,417
U020098,Python 数据分析,章节1-入门,1,1,1,40,375
U020098,Python 数据分析,章节2-基础,2,1,1,58,375
U020098,Python 数据分析,章节3-进阶,3,1,1,30,375
U020098,Python 数据分析,章节4-实战,4,1,1,74,375
U020098,Python 数据分析,章节5-综合,5,1,1,12,375
U020099,Excel 高级应用,章节1-入门,1,1,1,38,749
U020099,Excel 高级应用,章节2-基础,2,1,1,14,749
U020099,Excel 高级应用,章节3-进阶,3,1,1,72,749
U020099,Excel 高级应用,章节4-实战,4,1,1,57,749
U020099,Excel 高级应用,章节5-综合,5,1,1,49,749
U020100,Excel 高级应用,章节1-入门,1,1,1,24,147
U020100,Excel 高级应用,章节2-基础,2,1,1,26,147
U020100,Excel 高级应用,章节3-进阶,3,1,1,71,147
U020100,Excel 高级应用,章节4-实战,4,0,0,0,147
U020100,Excel 高级应用,章节5-综合,5,0,0,0,147
U020101,Excel 高级应用,章节1-入门,1,1,1,31,508
U020101,Excel 高级应用,章节2-基础,2,1,0,67,508
U020101,Excel 高级应用,章节3-进阶,3,0,0,0,508
U020101,Excel 高级应用,章节4-实战,4,0,0,0,508
U020101,Excel 高级应用,章节5-综合,5,0,0,0,508
U020102,机器学习入门,章节1-入门,1,1,1,26,197
U020102,机器学习入门,章节2-基础,2,0,0,0,197
U020102,机器学习入门,章节3-进阶,3,0,0,0,197
U020102,机器学习入门,章节4-实战,4,0,0,0,197
U020102,机器学习入门,章节5-综合,5,0,0,0,197
U020103,Excel 高级应用,章节1-入门,1,1,1,29,693
U020103,Excel 高级应用,章节2-基础,2,0,0,0,693
U020103,Excel 高级应用,章节3-进阶,3,0,0,0,693
U020103,Excel 高级应用,章节4-实战,4,0,0,0,693
U020103,Excel 高级应用,章节5-综合,5,0,0,0,693
U020104,机器学习入门,章节1-入门,1,1,1,48,540
U020104,机器学习入门,章节2-基础,2,1,1,41,540
U020104,机器学习入门,章节3-进阶,3,1,1,73,540
U020104,机器学习入门,章节4-实战,4,0,0,0,540
U020104,机器学习入门,章节5-综合,5,0,0,0,540
U020105,Python 数据分析,章节1-入门,1,1,1,65,615
U020105,Python 数据分析,章节2-基础,2,0,0,0,615
U020105,Python 数据分析,章节3-进阶,3,0,0,0,615
U020105,Python 数据分析,章节4-实战,4,0,0,0,615
U020105,Python 数据分析,章节5-综合,5,0,0,0,615
U020106,Excel 高级应用,章节1-入门,1,1,1,16,749
U020106,Excel 高级应用,章节2-基础,2,1,1,20,749
U020106,Excel 高级应用,章节3-进阶,3,1,1,56,749
U020106,Excel 高级应用,章节4-实战,4,1,1,24,749
U020106,Excel 高级应用,章节5-综合,5,0,0,0,749
U020107,机器学习入门,章节1-入门,1,1,1,66,233
U020107,机器学习入门,章节2-基础,2,0,0,0,233
U020107,机器学习入门,章节3-进阶,3,0,0,0,233
U020107,机器学习入门,章节4-实战,4,0,0,0,233
U020107,机器学习入门,章节5-综合,5,0,0,0,233
U020108,Python 数据分析,章节1-入门,1,1,1,67,869
U020108,Python 数据分析,章节2-基础,2,1,1,20,869
U020108,Python 数据分析,章节3-进阶,3,1,1,43,869
U020108,Python 数据分析,章节4-实战,4,1,1,58,869
U020108,Python 数据分析,章节5-综合,5,0,0,0,869
U020109,Python 数据分析,章节1-入门,1,1,1,46,859
U020109,Python 数据分析,章节2-基础,2,0,0,0,859
U020109,Python 数据分析,章节3-进阶,3,0,0,0,859
U020109,Python 数据分析,章节4-实战,4,0,0,0,859
U020109,Python 数据分析,章节5-综合,5,0,0,0,859
U020110,Python 数据分析,章节1-入门,1,1,1,77,795
U020110,Python 数据分析,章节2-基础,2,0,0,0,795
U020110,Python 数据分析,章节3-进阶,3,0,0,0,795
U020110,Python 数据分析,章节4-实战,4,0,0,0,795
U020110,Python 数据分析,章节5-综合,5,0,0,0,795
U020111,Python 数据分析,章节1-入门,1,1,1,63,633
U020111,Python 数据分析,章节2-基础,2,1,1,79,633
U020111,Python 数据分析,章节3-进阶,3,0,0,0,633
U020111,Python 数据分析,章节4-实战,4,0,0,0,633
U020111,Python 数据分析,章节5-综合,5,0,0,0,633
U020112,Python 数据分析,章节1-入门,1,1,1,61,598
U020112,Python 数据分析,章节2-基础,2,0,0,0,598
U020112,Python 数据分析,章节3-进阶,3,0,0,0,598
U020112,Python 数据分析,章节4-实战,4,0,0,0,598
U020112,Python 数据分析,章节5-综合,5,0,0,0,598
U020113,Python 数据分析,章节1-入门,1,1,1,73,782
U020113,Python 数据分析,章节2-基础,2,0,0,0,782
U020113,Python 数据分析,章节3-进阶,3,0,0,0,782
U020113,Python 数据分析,章节4-实战,4,0,0,0,782
U020113,Python 数据分析,章节5-综合,5,0,0,0,782
U020114,Excel 高级应用,章节1-入门,1,1,1,65,706
U020114,Excel 高级应用,章节2-基础,2,1,1,75,706
U020114,Excel 高级应用,章节3-进阶,3,0,0,0,706
U020114,Excel 高级应用,章节4-实战,4,0,0,0,706
U020114,Excel 高级应用,章节5-综合,5,0,0,0,706
U020115,机器学习入门,章节1-入门,1,1,1,78,162
U020115,机器学习入门,章节2-基础,2,1,1,67,162
U020115,机器学习入门,章节3-进阶,3,1,1,46,162
U020115,机器学习入门,章节4-实战,4,1,1,73,162
U020115,机器学习入门,章节5-综合,5,0,0,0,162
U020116,Excel 高级应用,章节1-入门,1,1,1,36,504
U020116,Excel 高级应用,章节2-基础,2,1,1,35,504
U020116,Excel 高级应用,章节3-进阶,3,0,0,0,504
U020116,Excel 高级应用,章节4-实战,4,0,0,0,504
U020116,Excel 高级应用,章节5-综合,5,0,0,0,504
U020117,Python 数据分析,章节1-入门,1,1,1,73,165
U020117,Python 数据分析,章节2-基础,2,1,1,35,165
U020117,Python 数据分析,章节3-进阶,3,1,1,51,165
U020117,Python 数据分析,章节4-实战,4,1,1,17,165
U020117,Python 数据分析,章节5-综合,5,1,1,71,165
U020118,Excel 高级应用,章节1-入门,1,1,1,41,811
U020118,Excel 高级应用,章节2-基础,2,1,1,35,811
U020118,Excel 高级应用,章节3-进阶,3,1,1,46,811
U020118,Excel 高级应用,章节4-实战,4,1,1,78,811
U020118,Excel 高级应用,章节5-综合,5,0,0,0,811
U020119,机器学习入门,章节1-入门,1,1,1,25,608
U020119,机器学习入门,章节2-基础,2,1,1,31,608
U020119,机器学习入门,章节3-进阶,3,0,0,0,608
U020119,机器学习入门,章节4-实战,4,0,0,0,608
U020119,机器学习入门,章节5-综合,5,0,0,0,608
U020120,Excel 高级应用,章节1-入门,1,1,1,31,576
U020120,Excel 高级应用,章节2-基础,2,1,1,70,576
U020120,Excel 高级应用,章节3-进阶,3,1,1,55,576
U020120,Excel 高级应用,章节4-实战,4,1,1,30,576
U020120,Excel 高级应用,章节5-综合,5,0,0,0,576
U020121,Python 数据分析,章节1-入门,1,1,1,32,382
U020121,Python 数据分析,章节2-基础,2,0,0,0,382
U020121,Python 数据分析,章节3-进阶,3,0,0,0,382
U020121,Python 数据分析,章节4-实战,4,0,0,0,382
U020121,Python 数据分析,章节5-综合,5,0,0,0,382
U020122,Excel 高级应用,章节1-入门,1,1,1,24,468
U020122,Excel 高级应用,章节2-基础,2,1,1,16,468
U020122,Excel 高级应用,章节3-进阶,3,1,1,48,468
U020122,Excel 高级应用,章节4-实战,4,0,0,0,468
U020122,Excel 高级应用,章节5-综合,5,0,0,0,468
U020123,Excel 高级应用,章节1-入门,1,1,1,66,875
U020123,Excel 高级应用,章节2-基础,2,1,1,46,875
U020123,Excel 高级应用,章节3-进阶,3,0,0,0,875
U020123,Excel 高级应用,章节4-实战,4,0,0,0,875
U020123,Excel 高级应用,章节5-综合,5,0,0,0,875
U020124,Python 数据分析,章节1-入门,1,1,1,18,134
U020124,Python 数据分析,章节2-基础,2,1,1,50,134
U020124,Python 数据分析,章节3-进阶,3,1,1,12,134
U020124,Python 数据分析,章节4-实战,4,1,1,79,134
U020124,Python 数据分析,章节5-综合,5,0,0,0,134
U020125,Excel 高级应用,章节1-入门,1,1,1,29,739
U020125,Excel 高级应用,章节2-基础,2,1,1,53,739
U020125,Excel 高级应用,章节3-进阶,3,0,0,0,739
U020125,Excel 高级应用,章节4-实战,4,0,0,0,739
U020125,Excel 高级应用,章节5-综合,5,0,0,0,739
U020126,机器学习入门,章节1-入门,1,1,1,62,236
U020126,机器学习入门,章节2-基础,2,1,1,43,236
U020126,机器学习入门,章节3-进阶,3,1,1,20,236
U020126,机器学习入门,章节4-实战,4,1,1,29,236
U020126,机器学习入门,章节5-综合,5,0,0,0,236
U020127,机器学习入门,章节1-入门,1,1,1,33,272
U020127,机器学习入门,章节2-基础,2,1,1,13,272
U020127,机器学习入门,章节3-进阶,3,1,1,36,272
U020127,机器学习入门,章节4-实战,4,1,1,36,272
U020127,机器学习入门,章节5-综合,5,0,0,0,272
U020128,Excel 高级应用,章节1-入门,1,1,1,72,382
U020128,Excel 高级应用,章节2-基础,2,0,0,0,382
U020128,Excel 高级应用,章节3-进阶,3,0,0,0,382
U020128,Excel 高级应用,章节4-实战,4,0,0,0,382
U020128,Excel 高级应用,章节5-综合,5,0,0,0,382
U020129,Excel 高级应用,章节1-入门,1,1,1,46,554
U020129,Excel 高级应用,章节2-基础,2,0,0,0,554
U020129,Excel 高级应用,章节3-进阶,3,0,0,0,554
U020129,Excel 高级应用,章节4-实战,4,0,0,0,554
U020129,Excel 高级应用,章节5-综合,5,0,0,0,554
U020130,Excel 高级应用,章节1-入门,1,1,1,45,455
U020130,Excel 高级应用,章节2-基础,2,1,1,26,455
U020130,Excel 高级应用,章节3-进阶,3,1,1,22,455
U020130,Excel 高级应用,章节4-实战,4,0,0,0,455
U020130,Excel 高级应用,章节5-综合,5,0,0,0,455
U020131,Excel 高级应用,章节1-入门,1,1,1,45,217
U020131,Excel 高级应用,章节2-基础,2,1,1,55,217
U020131,Excel 高级应用,章节3-进阶,3,0,0,0,217
U020131,Excel 高级应用,章节4-实战,4,0,0,0,217
U020131,Excel 高级应用,章节5-综合,5,0,0,0,217
U020132,机器学习入门,章节1-入门,1,1,1,44,405
U020132,机器学习入门,章节2-基础,2,1,1,62,405
U020132,机器学习入门,章节3-进阶,3,1,1,63,405
U020132,机器学习入门,章节4-实战,4,1,1,27,405
U020132,机器学习入门,章节5-综合,5,1,1,57,405
U020133,Python 数据分析,章节1-入门,1,1,1,24,265
U020133,Python 数据分析,章节2-基础,2,1,1,40,265
U020133,Python 数据分析,章节3-进阶,3,0,0,0,265
U020133,Python 数据分析,章节4-实战,4,0,0,0,265
U020133,Python 数据分析,章节5-综合,5,0,0,0,265
U020134,Python 数据分析,章节1-入门,1,1,1,77,796
U020134,Python 数据分析,章节2-基础,2,1,1,15,796
U020134,Python 数据分析,章节3-进阶,3,1,1,65,796
U020134,Python 数据分析,章节4-实战,4,1,1,18,796
U020134,Python 数据分析,章节5-综合,5,1,0,58,796
U020135,Python 数据分析,章节1-入门,1,1,1,22,285
U020135,Python 数据分析,章节2-基础,2,1,1,21,285
U020135,Python 数据分析,章节3-进阶,3,0,0,0,285
U020135,Python 数据分析,章节4-实战,4,0,0,0,285
U020135,Python 数据分析,章节5-综合,5,0,0,0,285
U020136,机器学习入门,章节1-入门,1,1,1,11,101
U020136,机器学习入门,章节2-基础,2,1,1,16,101
U020136,机器学习入门,章节3-进阶,3,0,0,0,101
U020136,机器学习入门,章节4-实战,4,0,0,0,101
U020136,机器学习入门,章节5-综合,5,0,0,0,101
U020137,Excel 高级应用,章节1-入门,1,1,1,58,213
U020137,Excel 高级应用,章节2-基础,2,0,0,0,213
U020137,Excel 高级应用,章节3-进阶,3,0,0,0,213
U020137,Excel 高级应用,章节4-实战,4,0,0,0,213
U020137,Excel 高级应用,章节5-综合,5,0,0,0,213
U020138,Excel 高级应用,章节1-入门,1,1,1,66,439
U020138,Excel 高级应用,章节2-基础,2,1,1,24,439
U020138,Excel 高级应用,章节3-进阶,3,1,1,11,439
U020138,Excel 高级应用,章节4-实战,4,1,1,69,439
U020138,Excel 高级应用,章节5-综合,5,0,0,0,439
U020139,Python 数据分析,章节1-入门,1,1,1,15,728
U020139,Python 数据分析,章节2-基础,2,1,1,30,728
U020139,Python 数据分析,章节3-进阶,3,1,1,50,728
U020139,Python 数据分析,章节4-实战,4,1,1,75,728
U020139,Python 数据分析,章节5-综合,5,1,1,25,728
U020140,机器学习入门,章节1-入门,1,1,1,43,853
U020140,机器学习入门,章节2-基础,2,1,1,12,853
U020140,机器学习入门,章节3-进阶,3,1,1,10,853
U020140,机器学习入门,章节4-实战,4,0,0,0,853
U020140,机器学习入门,章节5-综合,5,0,0,0,853
U020141,Python 数据分析,章节1-入门,1,1,1,17,185
U020141,Python 数据分析,章节2-基础,2,0,0,0,185
U020141,Python 数据分析,章节3-进阶,3,0,0,0,185
U020141,Python 数据分析,章节4-实战,4,0,0,0,185
U020141,Python 数据分析,章节5-综合,5,0,0,0,185
U020142,Python 数据分析,章节1-入门,1,1,1,72,619
U020142,Python 数据分析,章节2-基础,2,1,1,40,619
U020142,Python 数据分析,章节3-进阶,3,1,1,59,619
U020142,Python 数据分析,章节4-实战,4,1,1,15,619
U020142,Python 数据分析,章节5-综合,5,0,0,0,619
U020143,Python 数据分析,章节1-入门,1,1,1,26,611
U020143,Python 数据分析,章节2-基础,2,1,1,77,611
U020143,Python 数据分析,章节3-进阶,3,0,0,0,611
U020143,Python 数据分析,章节4-实战,4,0,0,0,611
U020143,Python 数据分析,章节5-综合,5,0,0,0,611
U020144,Python 数据分析,章节1-入门,1,1,1,16,737
U020144,Python 数据分析,章节2-基础,2,1,1,57,737
U020144,Python 数据分析,章节3-进阶,3,0,0,0,737
U020144,Python 数据分析,章节4-实战,4,0,0,0,737
U020144,Python 数据分析,章节5-综合,5,0,0,0,737
U020145,机器学习入门,章节1-入门,1,1,1,34,746
U020145,机器学习入门,章节2-基础,2,1,1,68,746
U020145,机器学习入门,章节3-进阶,3,0,0,0,746
U020145,机器学习入门,章节4-实战,4,0,0,0,746
U020145,机器学习入门,章节5-综合,5,0,0,0,746
U020146,Excel 高级应用,章节1-入门,1,1,1,75,681
U020146,Excel 高级应用,章节2-基础,2,1,1,17,681
U020146,Excel 高级应用,章节3-进阶,3,1,1,39,681
U020146,Excel 高级应用,章节4-实战,4,0,0,0,681
U020146,Excel 高级应用,章节5-综合,5,0,0,0,681
U020147,Excel 高级应用,章节1-入门,1,1,1,62,362
U020147,Excel 高级应用,章节2-基础,2,1,1,13,362
U020147,Excel 高级应用,章节3-进阶,3,1,1,37,362
U020147,Excel 高级应用,章节4-实战,4,1,1,26,362
U020147,Excel 高级应用,章节5-综合,5,1,1,63,362
U020148,Python 数据分析,章节1-入门,1,1,1,28,300
U020148,Python 数据分析,章节2-基础,2,1,1,19,300
U020148,Python 数据分析,章节3-进阶,3,1,1,54,300
U020148,Python 数据分析,章节4-实战,4,1,1,19,300
U020148,Python 数据分析,章节5-综合,5,1,1,78,300
U020149,Excel 高级应用,章节1-入门,1,1,1,59,382
U020149,Excel 高级应用,章节2-基础,2,1,1,34,382
U020149,Excel 高级应用,章节3-进阶,3,0,0,0,382
U020149,Excel 高级应用,章节4-实战,4,0,0,0,382
U020149,Excel 高级应用,章节5-综合,5,0,0,0,382
U020150,机器学习入门,章节1-入门,1,1,1,62,877
U020150,机器学习入门,章节2-基础,2,0,0,0,877
U020150,机器学习入门,章节3-进阶,3,0,0,0,877
U020150,机器学习入门,章节4-实战,4,0,0,0,877
U020150,机器学习入门,章节5-综合,5,0,0,0,877
U020151,Excel 高级应用,章节1-入门,1,1,1,33,259
U020151,Excel 高级应用,章节2-基础,2,1,1,29,259
U020151,Excel 高级应用,章节3-进阶,3,1,1,47,259
U020151,Excel 高级应用,章节4-实战,4,0,0,0,259
U020151,Excel 高级应用,章节5-综合,5,0,0,0,259
U020152,机器学习入门,章节1-入门,1,1,1,41,708
U020152,机器学习入门,章节2-基础,2,1,1,37,708
U020152,机器学习入门,章节3-进阶,3,1,1,76,708
U020152,机器学习入门,章节4-实战,4,1,1,77,708
U020152,机器学习入门,章节5-综合,5,1,1,39,708
U020153,机器学习入门,章节1-入门,1,1,1,32,836
U020153,机器学习入门,章节2-基础,2,1,1,79,836
U020153,机器学习入门,章节3-进阶,3,1,1,71,836
U020153,机器学习入门,章节4-实战,4,1,1,42,836
U020153,机器学习入门,章节5-综合,5,1,1,70,836
U020154,Excel 高级应用,章节1-入门,1,1,1,12,652
U020154,Excel 高级应用,章节2-基础,2,1,1,79,652
U020154,Excel 高级应用,章节3-进阶,3,1,0,32,652
U020154,Excel 高级应用,章节4-实战,4,0,0,0,652
U020154,Excel 高级应用,章节5-综合,5,0,0,0,652
U020155,机器学习入门,章节1-入门,1,1,1,58,784
U020155,机器学习入门,章节2-基础,2,1,1,71,784
U020155,机器学习入门,章节3-进阶,3,0,0,0,784
U020155,机器学习入门,章节4-实战,4,0,0,0,784
U020155,机器学习入门,章节5-综合,5,0,0,0,784
U020156,Python 数据分析,章节1-入门,1,1,1,78,860
U020156,Python 数据分析,章节2-基础,2,1,1,30,860
U020156,Python 数据分析,章节3-进阶,3,1,1,73,860
U020156,Python 数据分析,章节4-实战,4,1,0,42,860
U020156,Python 数据分析,章节5-综合,5,0,0,0,860
U020157,机器学习入门,章节1-入门,1,1,1,62,558
U020157,机器学习入门,章节2-基础,2,1,1,37,558
U020157,机器学习入门,章节3-进阶,3,1,1,33,558
U020157,机器学习入门,章节4-实战,4,1,1,20,558
U020157,机器学习入门,章节5-综合,5,1,1,48,558
U020158,Python 数据分析,章节1-入门,1,1,1,40,885
U020158,Python 数据分析,章节2-基础,2,1,1,65,885
U020158,Python 数据分析,章节3-进阶,3,1,1,76,885
U020158,Python 数据分析,章节4-实战,4,1,1,59,885
U020158,Python 数据分析,章节5-综合,5,0,0,0,885
U020159,机器学习入门,章节1-入门,1,1,1,43,785
U020159,机器学习入门,章节2-基础,2,1,1,29,785
U020159,机器学习入门,章节3-进阶,3,0,0,0,785
U020159,机器学习入门,章节4-实战,4,0,0,0,785
U020159,机器学习入门,章节5-综合,5,0,0,0,785
U020160,Python 数据分析,章节1-入门,1,1,1,64,321
U020160,Python 数据分析,章节2-基础,2,1,1,21,321
U020160,Python 数据分析,章节3-进阶,3,1,1,71,321
U020160,Python 数据分析,章节4-实战,4,1,1,57,321
U020160,Python 数据分析,章节5-综合,5,1,1,56,321
U020161,Python 数据分析,章节1-入门,1,1,1,71,640
U020161,Python 数据分析,章节2-基础,2,1,1,16,640
U020161,Python 数据分析,章节3-进阶,3,1,1,33,640
U020161,Python 数据分析,章节4-实战,4,1,1,58,640
U020161,Python 数据分析,章节5-综合,5,1,1,17,640
U020162,Excel 高级应用,章节1-入门,1,1,1,21,824
U020162,Excel 高级应用,章节2-基础,2,1,0,39,824
U020162,Excel 高级应用,章节3-进阶,3,0,0,0,824
U020162,Excel 高级应用,章节4-实战,4,0,0,0,824
U020162,Excel 高级应用,章节5-综合,5,0,0,0,824
U020163,Excel 高级应用,章节1-入门,1,1,1,52,367
U020163,Excel 高级应用,章节2-基础,2,1,1,62,367
U020163,Excel 高级应用,章节3-进阶,3,1,1,32,367
U020163,Excel 高级应用,章节4-实战,4,0,0,0,367
U020163,Excel 高级应用,章节5-综合,5,0,0,0,367
U020164,Python 数据分析,章节1-入门,1,1,1,77,524
U020164,Python 数据分析,章节2-基础,2,1,1,60,524
U020164,Python 数据分析,章节3-进阶,3,1,1,36,524
U020164,Python 数据分析,章节4-实战,4,1,1,71,524
U020164,Python 数据分析,章节5-综合,5,1,1,18,524
U020165,机器学习入门,章节1-入门,1,1,1,40,618
U020165,机器学习入门,章节2-基础,2,1,1,14,618
U020165,机器学习入门,章节3-进阶,3,1,1,66,618
U020165,机器学习入门,章节4-实战,4,1,0,67,618
U020165,机器学习入门,章节5-综合,5,0,0,0,618
U020166,机器学习入门,章节1-入门,1,1,1,36,197
U020166,机器学习入门,章节2-基础,2,1,1,62,197
U020166,机器学习入门,章节3-进阶,3,0,0,0,197
U020166,机器学习入门,章节4-实战,4,0,0,0,197
U020166,机器学习入门,章节5-综合,5,0,0,0,197
U020167,Python 数据分析,章节1-入门,1,1,1,34,843
U020167,Python 数据分析,章节2-基础,2,1,1,11,843
U020167,Python 数据分析,章节3-进阶,3,0,0,0,843
U020167,Python 数据分析,章节4-实战,4,0,0,0,843
U020167,Python 数据分析,章节5-综合,5,0,0,0,843
U020168,Excel 高级应用,章节1-入门,1,1,1,77,874
U020168,Excel 高级应用,章节2-基础,2,1,1,42,874
U020168,Excel 高级应用,章节3-进阶,3,1,1,10,874
U020168,Excel 高级应用,章节4-实战,4,1,1,66,874
U020168,Excel 高级应用,章节5-综合,5,1,1,44,874
U020169,Python 数据分析,章节1-入门,1,1,1,23,383
U020169,Python 数据分析,章节2-基础,2,1,1,42,383
U020169,Python 数据分析,章节3-进阶,3,1,1,25,383
U020169,Python 数据分析,章节4-实战,4,1,1,75,383
U020169,Python 数据分析,章节5-综合,5,1,1,71,383
U020170,机器学习入门,章节1-入门,1,1,1,24,288
U020170,机器学习入门,章节2-基础,2,1,1,29,288
U020170,机器学习入门,章节3-进阶,3,0,0,0,288
U020170,机器学习入门,章节4-实战,4,0,0,0,288
U020170,机器学习入门,章节5-综合,5,0,0,0,288
U020171,机器学习入门,章节1-入门,1,1,1,53,723
U020171,机器学习入门,章节2-基础,2,1,1,75,723
U020171,机器学习入门,章节3-进阶,3,1,1,65,723
U020171,机器学习入门,章节4-实战,4,0,0,0,723
U020171,机器学习入门,章节5-综合,5,0,0,0,723
U020172,Excel 高级应用,章节1-入门,1,1,1,37,119
U020172,Excel 高级应用,章节2-基础,2,1,1,20,119
U020172,Excel 高级应用,章节3-进阶,3,1,1,13,119
U020172,Excel 高级应用,章节4-实战,4,0,0,0,119
U020172,Excel 高级应用,章节5-综合,5,0,0,0,119
U020173,Python 数据分析,章节1-入门,1,1,1,64,150
U020173,Python 数据分析,章节2-基础,2,1,1,17,150
U020173,Python 数据分析,章节3-进阶,3,0,0,0,150
U020173,Python 数据分析,章节4-实战,4,0,0,0,150
U020173,Python 数据分析,章节5-综合,5,0,0,0,150
U020174,Excel 高级应用,章节1-入门,1,1,1,58,276
U020174,Excel 高级应用,章节2-基础,2,1,1,27,276
U020174,Excel 高级应用,章节3-进阶,3,1,1,31,276
U020174,Excel 高级应用,章节4-实战,4,0,0,0,276
U020174,Excel 高级应用,章节5-综合,5,0,0,0,276
U020175,Excel 高级应用,章节1-入门,1,1,1,79,770
U020175,Excel 高级应用,章节2-基础,2,1,1,20,770
U020175,Excel 高级应用,章节3-进阶,3,0,0,0,770
U020175,Excel 高级应用,章节4-实战,4,0,0,0,770
U020175,Excel 高级应用,章节5-综合,5,0,0,0,770
U020176,机器学习入门,章节1-入门,1,1,1,45,381
U020176,机器学习入门,章节2-基础,2,1,1,15,381
U020176,机器学习入门,章节3-进阶,3,1,1,14,381
U020176,机器学习入门,章节4-实战,4,1,1,21,381
U020176,机器学习入门,章节5-综合,5,1,0,58,381
U020177,Excel 高级应用,章节1-入门,1,1,1,71,87
U020177,Excel 高级应用,章节2-基础,2,1,1,58,87
U020177,Excel 高级应用,章节3-进阶,3,1,1,51,87
U020177,Excel 高级应用,章节4-实战,4,0,0,0,87
U020177,Excel 高级应用,章节5-综合,5,0,0,0,87
U020178,Python 数据分析,章节1-入门,1,1,1,40,872
U020178,Python 数据分析,章节2-基础,2,0,0,0,872
U020178,Python 数据分析,章节3-进阶,3,0,0,0,872
U020178,Python 数据分析,章节4-实战,4,0,0,0,872
U020178,Python 数据分析,章节5-综合,5,0,0,0,872
U020179,机器学习入门,章节1-入门,1,1,1,77,790
U020179,机器学习入门,章节2-基础,2,1,1,68,790
U020179,机器学习入门,章节3-进阶,3,1,1,43,790
U020179,机器学习入门,章节4-实战,4,1,1,68,790
U020179,机器学习入门,章节5-综合,5,1,1,62,790
U020180,机器学习入门,章节1-入门,1,1,1,59,496
U020180,机器学习入门,章节2-基础,2,1,1,42,496
U020180,机器学习入门,章节3-进阶,3,0,0,0,496
U020180,机器学习入门,章节4-实战,4,0,0,0,496
U020180,机器学习入门,章节5-综合,5,0,0,0,496
U020181,机器学习入门,章节1-入门,1,1,1,35,468
U020181,机器学习入门,章节2-基础,2,1,1,30,468
U020181,机器学习入门,章节3-进阶,3,1,1,31,468
U020181,机器学习入门,章节4-实战,4,1,1,24,468
U020181,机器学习入门,章节5-综合,5,0,0,0,468
U020182,Excel 高级应用,章节1-入门,1,1,1,21,408
U020182,Excel 高级应用,章节2-基础,2,0,0,0,408
U020182,Excel 高级应用,章节3-进阶,3,0,0,0,408
U020182,Excel 高级应用,章节4-实战,4,0,0,0,408
U020182,Excel 高级应用,章节5-综合,5,0,0,0,408
U020183,机器学习入门,章节1-入门,1,1,1,51,708
U020183,机器学习入门,章节2-基础,2,1,1,79,708
U020183,机器学习入门,章节3-进阶,3,1,1,14,708
U020183,机器学习入门,章节4-实战,4,1,1,74,708
U020183,机器学习入门,章节5-综合,5,1,1,34,708
U020184,机器学习入门,章节1-入门,1,1,1,10,162
U020184,机器学习入门,章节2-基础,2,1,1,74,162
U020184,机器学习入门,章节3-进阶,3,1,1,71,162
U020184,机器学习入门,章节4-实战,4,1,1,35,162
U020184,机器学习入门,章节5-综合,5,1,1,47,162
U020185,Excel 高级应用,章节1-入门,1,1,1,61,818
U020185,Excel 高级应用,章节2-基础,2,1,1,73,818
U020185,Excel 高级应用,章节3-进阶,3,1,1,19,818
U020185,Excel 高级应用,章节4-实战,4,1,1,29,818
U020185,Excel 高级应用,章节5-综合,5,1,1,26,818
U020186,机器学习入门,章节1-入门,1,1,1,65,627
U020186,机器学习入门,章节2-基础,2,0,0,0,627
U020186,机器学习入门,章节3-进阶,3,0,0,0,627
U020186,机器学习入门,章节4-实战,4,0,0,0,627
U020186,机器学习入门,章节5-综合,5,0,0,0,627
U020187,机器学习入门,章节1-入门,1,1,1,20,719
U020187,机器学习入门,章节2-基础,2,0,0,0,719
U020187,机器学习入门,章节3-进阶,3,0,0,0,719
U020187,机器学习入门,章节4-实战,4,0,0,0,719
U020187,机器学习入门,章节5-综合,5,0,0,0,719
U020188,Excel 高级应用,章节1-入门,1,1,0,12,515
U020188,Excel 高级应用,章节2-基础,2,0,0,0,515
U020188,Excel 高级应用,章节3-进阶,3,0,0,0,515
U020188,Excel 高级应用,章节4-实战,4,0,0,0,515
U020188,Excel 高级应用,章节5-综合,5,0,0,0,515
U020189,Python 数据分析,章节1-入门,1,1,1,22,759
U020189,Python 数据分析,章节2-基础,2,1,1,26,759
U020189,Python 数据分析,章节3-进阶,3,1,1,40,759
U020189,Python 数据分析,章节4-实战,4,1,1,18,759
U020189,Python 数据分析,章节5-综合,5,0,0,0,759
U020190,Excel 高级应用,章节1-入门,1,1,1,33,275
U020190,Excel 高级应用,章节2-基础,2,1,1,13,275
U020190,Excel 高级应用,章节3-进阶,3,1,1,57,275
U020190,Excel 高级应用,章节4-实战,4,1,1,59,275
U020190,Excel 高级应用,章节5-综合,5,0,0,0,275
U020191,Python 数据分析,章节1-入门,1,1,1,30,749
U020191,Python 数据分析,章节2-基础,2,1,1,51,749
U020191,Python 数据分析,章节3-进阶,3,1,1,61,749
U020191,Python 数据分析,章节4-实战,4,0,0,0,749
U020191,Python 数据分析,章节5-综合,5,0,0,0,749
U020192,Python 数据分析,章节1-入门,1,1,1,60,419
U020192,Python 数据分析,章节2-基础,2,1,1,38,419
U020192,Python 数据分析,章节3-进阶,3,0,0,0,419
U020192,Python 数据分析,章节4-实战,4,0,0,0,419
U020192,Python 数据分析,章节5-综合,5,0,0,0,419
U020193,Excel 高级应用,章节1-入门,1,1,1,51,771
U020193,Excel 高级应用,章节2-基础,2,1,1,10,771
U020193,Excel 高级应用,章节3-进阶,3,0,0,0,771
U020193,Excel 高级应用,章节4-实战,4,0,0,0,771
U020193,Excel 高级应用,章节5-综合,5,0,0,0,771
U020194,机器学习入门,章节1-入门,1,1,1,36,664
U020194,机器学习入门,章节2-基础,2,1,1,35,664
U020194,机器学习入门,章节3-进阶,3,1,1,76,664
U020194,机器学习入门,章节4-实战,4,0,0,0,664
U020194,机器学习入门,章节5-综合,5,0,0,0,664
U020195,Python 数据分析,章节1-入门,1,1,1,70,878
U020195,Python 数据分析,章节2-基础,2,1,1,64,878
U020195,Python 数据分析,章节3-进阶,3,0,0,0,878
U020195,Python 数据分析,章节4-实战,4,0,0,0,878
U020195,Python 数据分析,章节5-综合,5,0,0,0,878
U020196,Python 数据分析,章节1-入门,1,1,1,10,204
U020196,Python 数据分析,章节2-基础,2,1,1,72,204
U020196,Python 数据分析,章节3-进阶,3,1,1,16,204
U020196,Python 数据分析,章节4-实战,4,1,1,58,204
U020196,Python 数据分析,章节5-综合,5,1,0,29,204
U020197,机器学习入门,章节1-入门,1,1,1,69,102
U020197,机器学习入门,章节2-基础,2,1,1,48,102
U020197,机器学习入门,章节3-进阶,3,0,0,0,102
U020197,机器学习入门,章节4-实战,4,0,0,0,102
U020197,机器学习入门,章节5-综合,5,0,0,0,102
U020198,机器学习入门,章节1-入门,1,1,1,13,77
U020198,机器学习入门,章节2-基础,2,1,1,35,77
U020198,机器学习入门,章节3-进阶,3,1,1,16,77
U020198,机器学习入门,章节4-实战,4,1,1,64,77
U020198,机器学习入门,章节5-综合,5,1,1,58,77
U020199,机器学习入门,章节1-入门,1,1,1,64,684
U020199,机器学习入门,章节2-基础,2,1,1,77,684
U020199,机器学习入门,章节3-进阶,3,0,0,0,684
U020199,机器学习入门,章节4-实战,4,0,0,0,684
U020199,机器学习入门,章节5-综合,5,0,0,0,684
U020200,机器学习入门,章节1-入门,1,1,1,67,347
U020200,机器学习入门,章节2-基础,2,1,1,71,347
U020200,机器学习入门,章节3-进阶,3,1,1,62,347
U020200,机器学习入门,章节4-实战,4,1,1,68,347
U020200,机器学习入门,章节5-综合,5,1,1,19,347
U020201,Python 数据分析,章节1-入门,1,1,1,43,783
U020201,Python 数据分析,章节2-基础,2,1,1,27,783
U020201,Python 数据分析,章节3-进阶,3,1,1,20,783
U020201,Python 数据分析,章节4-实战,4,1,1,10,783
U020201,Python 数据分析,章节5-综合,5,0,0,0,783
U020202,Python 数据分析,章节1-入门,1,1,1,28,406
U020202,Python 数据分析,章节2-基础,2,1,1,29,406
U020202,Python 数据分析,章节3-进阶,3,1,1,53,406
U020202,Python 数据分析,章节4-实战,4,1,1,46,406
U020202,Python 数据分析,章节5-综合,5,1,1,65,406
U020203,Python 数据分析,章节1-入门,1,1,1,50,290
U020203,Python 数据分析,章节2-基础,2,0,0,0,290
U020203,Python 数据分析,章节3-进阶,3,0,0,0,290
U020203,Python 数据分析,章节4-实战,4,0,0,0,290
U020203,Python 数据分析,章节5-综合,5,0,0,0,290
U020204,Python 数据分析,章节1-入门,1,1,1,46,710
U020204,Python 数据分析,章节2-基础,2,1,1,40,710
U020204,Python 数据分析,章节3-进阶,3,0,0,0,710
U020204,Python 数据分析,章节4-实战,4,0,0,0,710
U020204,Python 数据分析,章节5-综合,5,0,0,0,710
U020205,Excel 高级应用,章节1-入门,1,1,1,55,495
U020205,Excel 高级应用,章节2-基础,2,1,1,72,495
U020205,Excel 高级应用,章节3-进阶,3,0,0,0,495
U020205,Excel 高级应用,章节4-实战,4,0,0,0,495
U020205,Excel 高级应用,章节5-综合,5,0,0,0,495
U020206,Python 数据分析,章节1-入门,1,1,1,48,828
U020206,Python 数据分析,章节2-基础,2,1,1,76,828
U020206,Python 数据分析,章节3-进阶,3,1,1,11,828
U020206,Python 数据分析,章节4-实战,4,0,0,0,828
U020206,Python 数据分析,章节5-综合,5,0,0,0,828
U020207,机器学习入门,章节1-入门,1,1,1,30,287
U020207,机器学习入门,章节2-基础,2,1,1,75,287
U020207,机器学习入门,章节3-进阶,3,1,1,16,287
U020207,机器学习入门,章节4-实战,4,0,0,0,287
U020207,机器学习入门,章节5-综合,5,0,0,0,287
U020208,Excel 高级应用,章节1-入门,1,1,1,74,64
U020208,Excel 高级应用,章节2-基础,2,1,1,40,64
U020208,Excel 高级应用,章节3-进阶,3,1,1,28,64
U020208,Excel 高级应用,章节4-实战,4,1,1,49,64
U020208,Excel 高级应用,章节5-综合,5,0,0,0,64
U020209,机器学习入门,章节1-入门,1,1,1,78,890
U020209,机器学习入门,章节2-基础,2,0,0,0,890
U020209,机器学习入门,章节3-进阶,3,0,0,0,890
U020209,机器学习入门,章节4-实战,4,0,0,0,890
U020209,机器学习入门,章节5-综合,5,0,0,0,890
U020210,Python 数据分析,章节1-入门,1,1,1,78,538
U020210,Python 数据分析,章节2-基础,2,1,1,37,538
U020210,Python 数据分析,章节3-进阶,3,0,0,0,538
U020210,Python 数据分析,章节4-实战,4,0,0,0,538
U020210,Python 数据分析,章节5-综合,5,0,0,0,538
U020211,Excel 高级应用,章节1-入门,1,1,1,50,408
U020211,Excel 高级应用,章节2-基础,2,1,1,18,408
U020211,Excel 高级应用,章节3-进阶,3,0,0,0,408
U020211,Excel 高级应用,章节4-实战,4,0,0,0,408
U020211,Excel 高级应用,章节5-综合,5,0,0,0,408
U020212,Python 数据分析,章节1-入门,1,1,1,31,495
U020212,Python 数据分析,章节2-基础,2,1,1,79,495
U020212,Python 数据分析,章节3-进阶,3,0,0,0,495
U020212,Python 数据分析,章节4-实战,4,0,0,0,495
U020212,Python 数据分析,章节5-综合,5,0,0,0,495
U020213,Excel 高级应用,章节1-入门,1,1,1,66,882
U020213,Excel 高级应用,章节2-基础,2,0,0,0,882
U020213,Excel 高级应用,章节3-进阶,3,0,0,0,882
U020213,Excel 高级应用,章节4-实战,4,0,0,0,882
U020213,Excel 高级应用,章节5-综合,5,0,0,0,882
U020214,Excel 高级应用,章节1-入门,1,1,1,33,376
U020214,Excel 高级应用,章节2-基础,2,0,0,0,376
U020214,Excel 高级应用,章节3-进阶,3,0,0,0,376
U020214,Excel 高级应用,章节4-实战,4,0,0,0,376
U020214,Excel 高级应用,章节5-综合,5,0,0,0,376
U020215,机器学习入门,章节1-入门,1,1,1,16,713
U020215,机器学习入门,章节2-基础,2,1,1,18,713
U020215,机器学习入门,章节3-进阶,3,1,1,36,713
U020215,机器学习入门,章节4-实战,4,0,0,0,713
U020215,机器学习入门,章节5-综合,5,0,0,0,713
U020216,机器学习入门,章节1-入门,1,1,1,75,648
U020216,机器学习入门,章节2-基础,2,1,1,18,648
U020216,机器学习入门,章节3-进阶,3,1,1,18,648
U020216,机器学习入门,章节4-实战,4,1,1,48,648
U020216,机器学习入门,章节5-综合,5,1,1,55,648
U020217,Python 数据分析,章节1-入门,1,1,1,28,454
U020217,Python 数据分析,章节2-基础,2,1,1,33,454
U020217,Python 数据分析,章节3-进阶,3,0,0,0,454
U020217,Python 数据分析,章节4-实战,4,0,0,0,454
U020217,Python 数据分析,章节5-综合,5,0,0,0,454
U020218,Excel 高级应用,章节1-入门,1,1,1,62,324
U020218,Excel 高级应用,章节2-基础,2,1,1,17,324
U020218,Excel 高级应用,章节3-进阶,3,1,1,76,324
U020218,Excel 高级应用,章节4-实战,4,0,0,0,324
U020218,Excel 高级应用,章节5-综合,5,0,0,0,324
U020219,Python 数据分析,章节1-入门,1,1,1,46,645
U020219,Python 数据分析,章节2-基础,2,1,1,43,645
U020219,Python 数据分析,章节3-进阶,3,0,0,0,645
U020219,Python 数据分析,章节4-实战,4,0,0,0,645
U020219,Python 数据分析,章节5-综合,5,0,0,0,645
U020220,机器学习入门,章节1-入门,1,1,1,61,364
U020220,机器学习入门,章节2-基础,2,1,1,66,364
U020220,机器学习入门,章节3-进阶,3,1,1,54,364
U020220,机器学习入门,章节4-实战,4,1,1,25,364
U020220,机器学习入门,章节5-综合,5,1,1,74,364
U020221,机器学习入门,章节1-入门,1,1,1,68,267
U020221,机器学习入门,章节2-基础,2,1,1,76,267
U020221,机器学习入门,章节3-进阶,3,1,1,65,267
U020221,机器学习入门,章节4-实战,4,0,0,0,267
U020221,机器学习入门,章节5-综合,5,0,0,0,267
U020222,Excel 高级应用,章节1-入门,1,1,1,41,290
U020222,Excel 高级应用,章节2-基础,2,1,1,53,290
U020222,Excel 高级应用,章节3-进阶,3,0,0,0,290
U020222,Excel 高级应用,章节4-实战,4,0,0,0,290
U020222,Excel 高级应用,章节5-综合,5,0,0,0,290
U020223,机器学习入门,章节1-入门,1,1,1,79,841
U020223,机器学习入门,章节2-基础,2,1,1,30,841
U020223,机器学习入门,章节3-进阶,3,1,0,24,841
U020223,机器学习入门,章节4-实战,4,0,0,0,841
U020223,机器学习入门,章节5-综合,5,0,0,0,841
U020224,机器学习入门,章节1-入门,1,1,1,26,438
U020224,机器学习入门,章节2-基础,2,1,1,17,438
U020224,机器学习入门,章节3-进阶,3,1,1,42,438
U020224,机器学习入门,章节4-实战,4,0,0,0,438
U020224,机器学习入门,章节5-综合,5,0,0,0,438
U020225,Python 数据分析,章节1-入门,1,1,1,67,144
U020225,Python 数据分析,章节2-基础,2,1,1,66,144
U020225,Python 数据分析,章节3-进阶,3,1,1,44,144
U020225,Python 数据分析,章节4-实战,4,1,1,19,144
U020225,Python 数据分析,章节5-综合,5,0,0,0,144
U020226,Excel 高级应用,章节1-入门,1,1,1,10,714
U020226,Excel 高级应用,章节2-基础,2,1,1,68,714
U020226,Excel 高级应用,章节3-进阶,3,1,1,42,714
U020226,Excel 高级应用,章节4-实战,4,1,1,20,714
U020226,Excel 高级应用,章节5-综合,5,1,1,47,714
U020227,Excel 高级应用,章节1-入门,1,1,1,50,151
U020227,Excel 高级应用,章节2-基础,2,1,1,19,151
U020227,Excel 高级应用,章节3-进阶,3,1,1,40,151
U020227,Excel 高级应用,章节4-实战,4,0,0,0,151
U020227,Excel 高级应用,章节5-综合,5,0,0,0,151
U020228,Python 数据分析,章节1-入门,1,1,1,71,854
U020228,Python 数据分析,章节2-基础,2,1,1,34,854
U020228,Python 数据分析,章节3-进阶,3,1,1,53,854
U020228,Python 数据分析,章节4-实战,4,1,1,15,854
U020228,Python 数据分析,章节5-综合,5,0,0,0,854
U020229,Excel 高级应用,章节1-入门,1,1,1,30,136
U020229,Excel 高级应用,章节2-基础,2,1,0,66,136
U020229,Excel 高级应用,章节3-进阶,3,0,0,0,136
U020229,Excel 高级应用,章节4-实战,4,0,0,0,136
U020229,Excel 高级应用,章节5-综合,5,0,0,0,136
U020230,机器学习入门,章节1-入门,1,1,1,66,710
U020230,机器学习入门,章节2-基础,2,0,0,0,710
U020230,机器学习入门,章节3-进阶,3,0,0,0,710
U020230,机器学习入门,章节4-实战,4,0,0,0,710
U020230,机器学习入门,章节5-综合,5,0,0,0,710
U020231,机器学习入门,章节1-入门,1,1,1,60,70
U020231,机器学习入门,章节2-基础,2,1,1,51,70
U020231,机器学习入门,章节3-进阶,3,0,0,0,70
U020231,机器学习入门,章节4-实战,4,0,0,0,70
U020231,机器学习入门,章节5-综合,5,0,0,0,70
U020232,机器学习入门,章节1-入门,1,1,1,62,133
U020232,机器学习入门,章节2-基础,2,1,1,34,133
U020232,机器学习入门,章节3-进阶,3,1,1,47,133
U020232,机器学习入门,章节4-实战,4,1,1,44,133
U020232,机器学习入门,章节5-综合,5,1,1,65,133
U020233,Python 数据分析,章节1-入门,1,1,1,60,683
U020233,Python 数据分析,章节2-基础,2,1,1,38,683
U020233,Python 数据分析,章节3-进阶,3,1,1,27,683
U020233,Python 数据分析,章节4-实战,4,1,1,45,683
U020233,Python 数据分析,章节5-综合,5,0,0,0,683
U020234,机器学习入门,章节1-入门,1,1,1,12,581
U020234,机器学习入门,章节2-基础,2,1,1,19,581
U020234,机器学习入门,章节3-进阶,3,1,1,76,581
U020234,机器学习入门,章节4-实战,4,1,1,38,581
U020234,机器学习入门,章节5-综合,5,1,1,63,581
U020235,Python 数据分析,章节1-入门,1,1,1,43,509
U020235,Python 数据分析,章节2-基础,2,1,1,57,509
U020235,Python 数据分析,章节3-进阶,3,0,0,0,509
U020235,Python 数据分析,章节4-实战,4,0,0,0,509
U020235,Python 数据分析,章节5-综合,5,0,0,0,509
U020236,机器学习入门,章节1-入门,1,1,1,67,428
U020236,机器学习入门,章节2-基础,2,1,1,44,428
U020236,机器学习入门,章节3-进阶,3,1,1,48,428
U020236,机器学习入门,章节4-实战,4,1,1,57,428
U020236,机器学习入门,章节5-综合,5,0,0,0,428
U020237,机器学习入门,章节1-入门,1,1,1,67,289
U020237,机器学习入门,章节2-基础,2,1,1,44,289
U020237,机器学习入门,章节3-进阶,3,1,1,18,289
U020237,机器学习入门,章节4-实战,4,0,0,0,289
U020237,机器学习入门,章节5-综合,5,0,0,0,289
U020238,Excel 高级应用,章节1-入门,1,1,1,53,752
U020238,Excel 高级应用,章节2-基础,2,0,0,0,752
U020238,Excel 高级应用,章节3-进阶,3,0,0,0,752
U020238,Excel 高级应用,章节4-实战,4,0,0,0,752
U020238,Excel 高级应用,章节5-综合,5,0,0,0,752
U020239,机器学习入门,章节1-入门,1,1,1,62,454
U020239,机器学习入门,章节2-基础,2,1,1,31,454
U020239,机器学习入门,章节3-进阶,3,1,1,35,454
U020239,机器学习入门,章节4-实战,4,1,1,66,454
U020239,机器学习入门,章节5-综合,5,0,0,0,454
U020240,机器学习入门,章节1-入门,1,1,1,52,374
U020240,机器学习入门,章节2-基础,2,1,1,48,374
U020240,机器学习入门,章节3-进阶,3,1,1,50,374
U020240,机器学习入门,章节4-实战,4,1,1,19,374
U020240,机器学习入门,章节5-综合,5,1,1,32,374
U020241,Python 数据分析,章节1-入门,1,1,1,39,404
U020241,Python 数据分析,章节2-基础,2,1,1,59,404
U020241,Python 数据分析,章节3-进阶,3,1,1,51,404
U020241,Python 数据分析,章节4-实战,4,1,1,54,404
U020241,Python 数据分析,章节5-综合,5,0,0,0,404
U020242,Excel 高级应用,章节1-入门,1,1,0,38,484
U020242,Excel 高级应用,章节2-基础,2,0,0,0,484
U020242,Excel 高级应用,章节3-进阶,3,0,0,0,484
U020242,Excel 高级应用,章节4-实战,4,0,0,0,484
U020242,Excel 高级应用,章节5-综合,5,0,0,0,484
U020243,机器学习入门,章节1-入门,1,1,1,73,270
U020243,机器学习入门,章节2-基础,2,1,1,18,270
U020243,机器学习入门,章节3-进阶,3,0,0,0,270
U020243,机器学习入门,章节4-实战,4,0,0,0,270
U020243,机器学习入门,章节5-综合,5,0,0,0,270
U020244,Python 数据分析,章节1-入门,1,1,1,54,214
U020244,Python 数据分析,章节2-基础,2,1,1,37,214
U020244,Python 数据分析,章节3-进阶,3,0,0,0,214
U020244,Python 数据分析,章节4-实战,4,0,0,0,214
U020244,Python 数据分析,章节5-综合,5,0,0,0,214
U020245,Excel 高级应用,章节1-入门,1,1,1,22,105
U020245,Excel 高级应用,章节2-基础,2,1,1,55,105
U020245,Excel 高级应用,章节3-进阶,3,1,1,64,105
U020245,Excel 高级应用,章节4-实战,4,0,0,0,105
U020245,Excel 高级应用,章节5-综合,5,0,0,0,105
U020246,Python 数据分析,章节1-入门,1,1,1,56,124
U020246,Python 数据分析,章节2-基础,2,1,1,64,124
U020246,Python 数据分析,章节3-进阶,3,0,0,0,124
U020246,Python 数据分析,章节4-实战,4,0,0,0,124
U020246,Python 数据分析,章节5-综合,5,0,0,0,124
U020247,Python 数据分析,章节1-入门,1,1,1,72,702
U020247,Python 数据分析,章节2-基础,2,1,1,55,702
U020247,Python 数据分析,章节3-进阶,3,0,0,0,702
U020247,Python 数据分析,章节4-实战,4,0,0,0,702
U020247,Python 数据分析,章节5-综合,5,0,0,0,702
U020248,Excel 高级应用,章节1-入门,1,1,1,67,232
U020248,Excel 高级应用,章节2-基础,2,1,1,61,232
U020248,Excel 高级应用,章节3-进阶,3,1,0,33,232
U020248,Excel 高级应用,章节4-实战,4,0,0,0,232
U020248,Excel 高级应用,章节5-综合,5,0,0,0,232
U020249,Python 数据分析,章节1-入门,1,1,1,77,520
U020249,Python 数据分析,章节2-基础,2,1,1,53,520
U020249,Python 数据分析,章节3-进阶,3,1,1,72,520
U020249,Python 数据分析,章节4-实战,4,1,1,41,520
U020249,Python 数据分析,章节5-综合,5,1,1,14,520
U020250,Excel 高级应用,章节1-入门,1,1,1,29,112
U020250,Excel 高级应用,章节2-基础,2,1,1,34,112
U020250,Excel 高级应用,章节3-进阶,3,1,1,13,112
U020250,Excel 高级应用,章节4-实战,4,1,1,27,112
U020250,Excel 高级应用,章节5-综合,5,0,0,0,112
U020251,Excel 高级应用,章节1-入门,1,1,0,48,599
U020251,Excel 高级应用,章节2-基础,2,0,0,0,599
U020251,Excel 高级应用,章节3-进阶,3,0,0,0,599
U020251,Excel 高级应用,章节4-实战,4,0,0,0,599
U020251,Excel 高级应用,章节5-综合,5,0,0,0,599
U020252,Excel 高级应用,章节1-入门,1,1,1,40,359
U020252,Excel 高级应用,章节2-基础,2,1,1,15,359
U020252,Excel 高级应用,章节3-进阶,3,1,1,22,359
U020252,Excel 高级应用,章节4-实战,4,1,1,50,359
U020252,Excel 高级应用,章节5-综合,5,0,0,0,359
U020253,机器学习入门,章节1-入门,1,1,1,13,174
U020253,机器学习入门,章节2-基础,2,1,1,69,174
U020253,机器学习入门,章节3-进阶,3,1,1,30,174
U020253,机器学习入门,章节4-实战,4,0,0,0,174
U020253,机器学习入门,章节5-综合,5,0,0,0,174
U020254,Excel 高级应用,章节1-入门,1,1,1,14,410
U020254,Excel 高级应用,章节2-基础,2,0,0,0,410
U020254,Excel 高级应用,章节3-进阶,3,0,0,0,410
U020254,Excel 高级应用,章节4-实战,4,0,0,0,410
U020254,Excel 高级应用,章节5-综合,5,0,0,0,410
U020255,Python 数据分析,章节1-入门,1,1,1,61,64
U020255,Python 数据分析,章节2-基础,2,1,1,21,64
U020255,Python 数据分析,章节3-进阶,3,1,1,53,64
U020255,Python 数据分析,章节4-实战,4,1,1,13,64
U020255,Python 数据分析,章节5-综合,5,0,0,0,64
U020256,Excel 高级应用,章节1-入门,1,1,1,65,537
U020256,Excel 高级应用,章节2-基础,2,1,1,46,537
U020256,Excel 高级应用,章节3-进阶,3,1,1,19,537
U020256,Excel 高级应用,章节4-实战,4,1,1,10,537
U020256,Excel 高级应用,章节5-综合,5,1,1,51,537
U020257,Excel 高级应用,章节1-入门,1,1,1,22,769
U020257,Excel 高级应用,章节2-基础,2,1,1,73,769
U020257,Excel 高级应用,章节3-进阶,3,1,1,38,769
U020257,Excel 高级应用,章节4-实战,4,1,1,79,769
U020257,Excel 高级应用,章节5-综合,5,0,0,0,769
U020258,机器学习入门,章节1-入门,1,1,1,28,157
U020258,机器学习入门,章节2-基础,2,1,1,13,157
U020258,机器学习入门,章节3-进阶,3,1,1,31,157
U020258,机器学习入门,章节4-实战,4,1,1,51,157
U020258,机器学习入门,章节5-综合,5,1,1,77,157
U020259,Python 数据分析,章节1-入门,1,1,1,67,121
U020259,Python 数据分析,章节2-基础,2,1,1,12,121
U020259,Python 数据分析,章节3-进阶,3,1,1,10,121
U020259,Python 数据分析,章节4-实战,4,1,1,26,121
U020259,Python 数据分析,章节5-综合,5,0,0,0,121
U020260,Python 数据分析,章节1-入门,1,1,1,18,578
U020260,Python 数据分析,章节2-基础,2,1,1,41,578
U020260,Python 数据分析,章节3-进阶,3,1,1,29,578
U020260,Python 数据分析,章节4-实战,4,0,0,0,578
U020260,Python 数据分析,章节5-综合,5,0,0,0,578
U020261,机器学习入门,章节1-入门,1,1,1,39,799
U020261,机器学习入门,章节2-基础,2,1,1,68,799
U020261,机器学习入门,章节3-进阶,3,1,1,77,799
U020261,机器学习入门,章节4-实战,4,1,1,56,799
U020261,机器学习入门,章节5-综合,5,1,1,39,799
U020262,Excel 高级应用,章节1-入门,1,1,1,69,517
U020262,Excel 高级应用,章节2-基础,2,0,0,0,517
U020262,Excel 高级应用,章节3-进阶,3,0,0,0,517
U020262,Excel 高级应用,章节4-实战,4,0,0,0,517
U020262,Excel 高级应用,章节5-综合,5,0,0,0,517
U020263,Excel 高级应用,章节1-入门,1,1,1,20,555
U020263,Excel 高级应用,章节2-基础,2,0,0,0,555
U020263,Excel 高级应用,章节3-进阶,3,0,0,0,555
U020263,Excel 高级应用,章节4-实战,4,0,0,0,555
U020263,Excel 高级应用,章节5-综合,5,0,0,0,555
U020264,机器学习入门,章节1-入门,1,1,1,56,320
U020264,机器学习入门,章节2-基础,2,1,1,62,320
U020264,机器学习入门,章节3-进阶,3,1,1,35,320
U020264,机器学习入门,章节4-实战,4,1,1,69,320
U020264,机器学习入门,章节5-综合,5,1,0,43,320
U020265,机器学习入门,章节1-入门,1,1,1,11,100
U020265,机器学习入门,章节2-基础,2,1,1,22,100
U020265,机器学习入门,章节3-进阶,3,1,1,28,100
U020265,机器学习入门,章节4-实战,4,1,0,70,100
U020265,机器学习入门,章节5-综合,5,0,0,0,100
U020266,Excel 高级应用,章节1-入门,1,1,1,38,184
U020266,Excel 高级应用,章节2-基础,2,1,1,28,184
U020266,Excel 高级应用,章节3-进阶,3,1,1,58,184
U020266,Excel 高级应用,章节4-实战,4,1,1,77,184
U020266,Excel 高级应用,章节5-综合,5,1,1,51,184
U020267,Python 数据分析,章节1-入门,1,1,1,34,161
U020267,Python 数据分析,章节2-基础,2,1,1,58,161
U020267,Python 数据分析,章节3-进阶,3,1,1,78,161
U020267,Python 数据分析,章节4-实战,4,1,1,29,161
U020267,Python 数据分析,章节5-综合,5,0,0,0,161
U020268,Excel 高级应用,章节1-入门,1,1,1,18,727
U020268,Excel 高级应用,章节2-基础,2,1,1,23,727
U020268,Excel 高级应用,章节3-进阶,3,1,1,72,727
U020268,Excel 高级应用,章节4-实战,4,1,1,63,727
U020268,Excel 高级应用,章节5-综合,5,0,0,0,727
U020269,Excel 高级应用,章节1-入门,1,1,1,65,714
U020269,Excel 高级应用,章节2-基础,2,1,1,37,714
U020269,Excel 高级应用,章节3-进阶,3,1,1,28,714
U020269,Excel 高级应用,章节4-实战,4,1,1,71,714
U020269,Excel 高级应用,章节5-综合,5,1,1,47,714
U020270,Excel 高级应用,章节1-入门,1,1,1,17,540
U020270,Excel 高级应用,章节2-基础,2,1,1,53,540
U020270,Excel 高级应用,章节3-进阶,3,1,1,39,540
U020270,Excel 高级应用,章节4-实战,4,1,1,57,540
U020270,Excel 高级应用,章节5-综合,5,1,1,34,540
U020271,Excel 高级应用,章节1-入门,1,1,1,50,611
U020271,Excel 高级应用,章节2-基础,2,1,1,29,611
U020271,Excel 高级应用,章节3-进阶,3,1,1,21,611
U020271,Excel 高级应用,章节4-实战,4,1,1,74,611
U020271,Excel 高级应用,章节5-综合,5,1,1,42,611
U020272,机器学习入门,章节1-入门,1,1,1,16,762
U020272,机器学习入门,章节2-基础,2,1,1,59,762
U020272,机器学习入门,章节3-进阶,3,1,1,36,762
U020272,机器学习入门,章节4-实战,4,1,1,20,762
U020272,机器学习入门,章节5-综合,5,0,0,0,762
U020273,机器学习入门,章节1-入门,1,1,1,20,552
U020273,机器学习入门,章节2-基础,2,0,0,0,552
U020273,机器学习入门,章节3-进阶,3,0,0,0,552
U020273,机器学习入门,章节4-实战,4,0,0,0,552
U020273,机器学习入门,章节5-综合,5,0,0,0,552
U020274,Excel 高级应用,章节1-入门,1,1,1,30,228
U020274,Excel 高级应用,章节2-基础,2,0,0,0,228
U020274,Excel 高级应用,章节3-进阶,3,0,0,0,228
U020274,Excel 高级应用,章节4-实战,4,0,0,0,228
U020274,Excel 高级应用,章节5-综合,5,0,0,0,228
U020275,Python 数据分析,章节1-入门,1,1,1,66,280
U020275,Python 数据分析,章节2-基础,2,1,1,16,280
U020275,Python 数据分析,章节3-进阶,3,1,1,20,280
U020275,Python 数据分析,章节4-实战,4,0,0,0,280
U020275,Python 数据分析,章节5-综合,5,0,0,0,280
U020276,机器学习入门,章节1-入门,1,1,1,14,160
U020276,机器学习入门,章节2-基础,2,1,1,69,160
U020276,机器学习入门,章节3-进阶,3,0,0,0,160
U020276,机器学习入门,章节4-实战,4,0,0,0,160
U020276,机器学习入门,章节5-综合,5,0,0,0,160
U020277,Excel 高级应用,章节1-入门,1,1,1,22,708
U020277,Excel 高级应用,章节2-基础,2,1,1,31,708
U020277,Excel 高级应用,章节3-进阶,3,0,0,0,708
U020277,Excel 高级应用,章节4-实战,4,0,0,0,708
U020277,Excel 高级应用,章节5-综合,5,0,0,0,708
U020278,机器学习入门,章节1-入门,1,1,1,74,219
U020278,机器学习入门,章节2-基础,2,1,1,74,219
U020278,机器学习入门,章节3-进阶,3,1,1,20,219
U020278,机器学习入门,章节4-实战,4,0,0,0,219
U020278,机器学习入门,章节5-综合,5,0,0,0,219
U020279,机器学习入门,章节1-入门,1,1,1,20,677
U020279,机器学习入门,章节2-基础,2,1,1,23,677
U020279,机器学习入门,章节3-进阶,3,1,1,55,677
U020279,机器学习入门,章节4-实战,4,1,1,14,677
U020279,机器学习入门,章节5-综合,5,0,0,0,677
U020280,机器学习入门,章节1-入门,1,1,1,23,225
U020280,机器学习入门,章节2-基础,2,1,1,42,225
U020280,机器学习入门,章节3-进阶,3,1,1,34,225
U020280,机器学习入门,章节4-实战,4,1,1,55,225
U020280,机器学习入门,章节5-综合,5,1,1,13,225
U020281,机器学习入门,章节1-入门,1,1,1,67,859
U020281,机器学习入门,章节2-基础,2,0,0,0,859
U020281,机器学习入门,章节3-进阶,3,0,0,0,859
U020281,机器学习入门,章节4-实战,4,0,0,0,859
U020281,机器学习入门,章节5-综合,5,0,0,0,859
U020282,机器学习入门,章节1-入门,1,1,1,27,564
U020282,机器学习入门,章节2-基础,2,1,1,26,564
U020282,机器学习入门,章节3-进阶,3,1,1,23,564
U020282,机器学习入门,章节4-实战,4,1,1,32,564
U020282,机器学习入门,章节5-综合,5,1,1,75,564
U020283,Python 数据分析,章节1-入门,1,1,1,51,662
U020283,Python 数据分析,章节2-基础,2,1,1,13,662
U020283,Python 数据分析,章节3-进阶,3,0,0,0,662
U020283,Python 数据分析,章节4-实战,4,0,0,0,662
U020283,Python 数据分析,章节5-综合,5,0,0,0,662
U020284,Python 数据分析,章节1-入门,1,1,1,57,74
U020284,Python 数据分析,章节2-基础,2,1,1,49,74
U020284,Python 数据分析,章节3-进阶,3,1,1,75,74
U020284,Python 数据分析,章节4-实战,4,1,1,23,74
U020284,Python 数据分析,章节5-综合,5,1,1,79,74
U020285,Python 数据分析,章节1-入门,1,1,1,20,556
U020285,Python 数据分析,章节2-基础,2,1,1,37,556
U020285,Python 数据分析,章节3-进阶,3,1,1,75,556
U020285,Python 数据分析,章节4-实战,4,0,0,0,556
U020285,Python 数据分析,章节5-综合,5,0,0,0,556
U020286,机器学习入门,章节1-入门,1,1,1,41,224
U020286,机器学习入门,章节2-基础,2,1,1,35,224
U020286,机器学习入门,章节3-进阶,3,1,1,21,224
U020286,机器学习入门,章节4-实战,4,0,0,0,224
U020286,机器学习入门,章节5-综合,5,0,0,0,224
U020287,Excel 高级应用,章节1-入门,1,1,1,42,444
U020287,Excel 高级应用,章节2-基础,2,1,1,57,444
U020287,Excel 高级应用,章节3-进阶,3,1,1,60,444
U020287,Excel 高级应用,章节4-实战,4,1,1,54,444
U020287,Excel 高级应用,章节5-综合,5,1,1,39,444
U020288,Excel 高级应用,章节1-入门,1,1,1,17,465
U020288,Excel 高级应用,章节2-基础,2,1,1,13,465
U020288,Excel 高级应用,章节3-进阶,3,0,0,0,465
U020288,Excel 高级应用,章节4-实战,4,0,0,0,465
U020288,Excel 高级应用,章节5-综合,5,0,0,0,465
U020289,Python 数据分析,章节1-入门,1,1,1,42,690
U020289,Python 数据分析,章节2-基础,2,1,1,54,690
U020289,Python 数据分析,章节3-进阶,3,1,1,12,690
U020289,Python 数据分析,章节4-实战,4,0,0,0,690
U020289,Python 数据分析,章节5-综合,5,0,0,0,690
U020290,Excel 高级应用,章节1-入门,1,1,1,51,83
U020290,Excel 高级应用,章节2-基础,2,1,1,71,83
U020290,Excel 高级应用,章节3-进阶,3,1,1,48,83
U020290,Excel 高级应用,章节4-实战,4,1,1,37,83
U020290,Excel 高级应用,章节5-综合,5,1,1,31,83
U020291,机器学习入门,章节1-入门,1,1,1,66,256
U020291,机器学习入门,章节2-基础,2,1,1,16,256
U020291,机器学习入门,章节3-进阶,3,0,0,0,256
U020291,机器学习入门,章节4-实战,4,0,0,0,256
U020291,机器学习入门,章节5-综合,5,0,0,0,256
U020292,Python 数据分析,章节1-入门,1,1,1,26,630
U020292,Python 数据分析,章节2-基础,2,0,0,0,630
U020292,Python 数据分析,章节3-进阶,3,0,0,0,630
U020292,Python 数据分析,章节4-实战,4,0,0,0,630
U020292,Python 数据分析,章节5-综合,5,0,0,0,630
U020293,机器学习入门,章节1-入门,1,1,1,21,154
U020293,机器学习入门,章节2-基础,2,1,1,35,154
U020293,机器学习入门,章节3-进阶,3,0,0,0,154
U020293,机器学习入门,章节4-实战,4,0,0,0,154
U020293,机器学习入门,章节5-综合,5,0,0,0,154
U020294,机器学习入门,章节1-入门,1,1,1,52,259
U020294,机器学习入门,章节2-基础,2,1,1,24,259
U020294,机器学习入门,章节3-进阶,3,1,1,71,259
U020294,机器学习入门,章节4-实战,4,1,1,47,259
U020294,机器学习入门,章节5-综合,5,0,0,0,259
U020295,Python 数据分析,章节1-入门,1,1,1,23,326
U020295,Python 数据分析,章节2-基础,2,1,1,52,326
U020295,Python 数据分析,章节3-进阶,3,1,1,58,326
U020295,Python 数据分析,章节4-实战,4,1,1,52,326
U020295,Python 数据分析,章节5-综合,5,1,1,22,326
U020296,Excel 高级应用,章节1-入门,1,1,1,57,898
U020296,Excel 高级应用,章节2-基础,2,1,1,24,898
U020296,Excel 高级应用,章节3-进阶,3,1,1,64,898
U020296,Excel 高级应用,章节4-实战,4,0,0,0,898
U020296,Excel 高级应用,章节5-综合,5,0,0,0,898
U020297,Python 数据分析,章节1-入门,1,1,1,27,868
U020297,Python 数据分析,章节2-基础,2,1,1,65,868
U020297,Python 数据分析,章节3-进阶,3,0,0,0,868
U020297,Python 数据分析,章节4-实战,4,0,0,0,868
U020297,Python 数据分析,章节5-综合,5,0,0,0,868
U020298,Excel 高级应用,章节1-入门,1,1,1,35,793
U020298,Excel 高级应用,章节2-基础,2,0,0,0,793
U020298,Excel 高级应用,章节3-进阶,3,0,0,0,793
U020298,Excel 高级应用,章节4-实战,4,0,0,0,793
U020298,Excel 高级应用,章节5-综合,5,0,0,0,793
U020299,机器学习入门,章节1-入门,1,1,1,74,876
U020299,机器学习入门,章节2-基础,2,1,1,46,876
U020299,机器学习入门,章节3-进阶,3,1,1,15,876
U020299,机器学习入门,章节4-实战,4,0,0,0,876
U020299,机器学习入门,章节5-综合,5,0,0,0,876
U020300,Python 数据分析,章节1-入门,1,1,1,69,501
U020300,Python 数据分析,章节2-基础,2,1,1,50,501
U020300,Python 数据分析,章节3-进阶,3,1,1,19,501
U020300,Python 数据分析,章节4-实战,4,1,1,13,501
U020300,Python 数据分析,章节5-综合,5,1,1,48,501
U020301,Python 数据分析,章节1-入门,1,1,1,63,448
U020301,Python 数据分析,章节2-基础,2,1,1,77,448
U020301,Python 数据分析,章节3-进阶,3,0,0,0,448
U020301,Python 数据分析,章节4-实战,4,0,0,0,448
U020301,Python 数据分析,章节5-综合,5,0,0,0,448
U020302,Excel 高级应用,章节1-入门,1,1,1,11,441
U020302,Excel 高级应用,章节2-基础,2,0,0,0,441
U020302,Excel 高级应用,章节3-进阶,3,0,0,0,441
U020302,Excel 高级应用,章节4-实战,4,0,0,0,441
U020302,Excel 高级应用,章节5-综合,5,0,0,0,441
U020303,Excel 高级应用,章节1-入门,1,1,1,34,466
U020303,Excel 高级应用,章节2-基础,2,1,1,31,466
U020303,Excel 高级应用,章节3-进阶,3,1,1,33,466
U020303,Excel 高级应用,章节4-实战,4,1,1,75,466
U020303,Excel 高级应用,章节5-综合,5,0,0,0,466
U020304,Python 数据分析,章节1-入门,1,1,1,24,190
U020304,Python 数据分析,章节2-基础,2,1,1,18,190
U020304,Python 数据分析,章节3-进阶,3,1,1,66,190
U020304,Python 数据分析,章节4-实战,4,1,1,74,190
U020304,Python 数据分析,章节5-综合,5,0,0,0,190
U020305,Excel 高级应用,章节1-入门,1,1,1,78,454
U020305,Excel 高级应用,章节2-基础,2,1,1,18,454
U020305,Excel 高级应用,章节3-进阶,3,1,1,17,454
U020305,Excel 高级应用,章节4-实战,4,1,1,46,454
U020305,Excel 高级应用,章节5-综合,5,0,0,0,454
U020306,Python 数据分析,章节1-入门,1,1,1,54,207
U020306,Python 数据分析,章节2-基础,2,1,1,61,207
U020306,Python 数据分析,章节3-进阶,3,1,1,30,207
U020306,Python 数据分析,章节4-实战,4,1,1,54,207
U020306,Python 数据分析,章节5-综合,5,0,0,0,207
U020307,机器学习入门,章节1-入门,1,1,1,10,491
U020307,机器学习入门,章节2-基础,2,1,1,20,491
U020307,机器学习入门,章节3-进阶,3,1,1,14,491
U020307,机器学习入门,章节4-实战,4,1,1,56,491
U020307,机器学习入门,章节5-综合,5,0,0,0,491
U020308,Excel 高级应用,章节1-入门,1,1,1,42,109
U020308,Excel 高级应用,章节2-基础,2,1,1,27,109
U020308,Excel 高级应用,章节3-进阶,3,1,1,76,109
U020308,Excel 高级应用,章节4-实战,4,0,0,0,109
U020308,Excel 高级应用,章节5-综合,5,0,0,0,109
U020309,Excel 高级应用,章节1-入门,1,1,1,59,414
U020309,Excel 高级应用,章节2-基础,2,1,0,27,414
U020309,Excel 高级应用,章节3-进阶,3,0,0,0,414
U020309,Excel 高级应用,章节4-实战,4,0,0,0,414
U020309,Excel 高级应用,章节5-综合,5,0,0,0,414
U020310,机器学习入门,章节1-入门,1,1,1,30,353
U020310,机器学习入门,章节2-基础,2,1,1,73,353
U020310,机器学习入门,章节3-进阶,3,1,1,11,353
U020310,机器学习入门,章节4-实战,4,0,0,0,353
U020310,机器学习入门,章节5-综合,5,0,0,0,353
U020311,Excel 高级应用,章节1-入门,1,1,1,62,532
U020311,Excel 高级应用,章节2-基础,2,1,1,15,532
U020311,Excel 高级应用,章节3-进阶,3,1,1,48,532
U020311,Excel 高级应用,章节4-实战,4,1,1,13,532
U020311,Excel 高级应用,章节5-综合,5,0,0,0,532
U020312,Python 数据分析,章节1-入门,1,1,1,58,192
U020312,Python 数据分析,章节2-基础,2,1,1,53,192
U020312,Python 数据分析,章节3-进阶,3,1,1,27,192
U020312,Python 数据分析,章节4-实战,4,1,1,53,192
U020312,Python 数据分析,章节5-综合,5,1,1,52,192
U020313,Excel 高级应用,章节1-入门,1,1,1,61,840
U020313,Excel 高级应用,章节2-基础,2,1,1,78,840
U020313,Excel 高级应用,章节3-进阶,3,1,1,59,840
U020313,Excel 高级应用,章节4-实战,4,1,1,11,840
U020313,Excel 高级应用,章节5-综合,5,1,1,63,840
U020314,机器学习入门,章节1-入门,1,1,1,61,636
U020314,机器学习入门,章节2-基础,2,1,1,59,636
U020314,机器学习入门,章节3-进阶,3,0,0,0,636
U020314,机器学习入门,章节4-实战,4,0,0,0,636
U020314,机器学习入门,章节5-综合,5,0,0,0,636
U020315,Excel 高级应用,章节1-入门,1,1,1,65,764
U020315,Excel 高级应用,章节2-基础,2,1,1,35,764
U020315,Excel 高级应用,章节3-进阶,3,0,0,0,764
U020315,Excel 高级应用,章节4-实战,4,0,0,0,764
U020315,Excel 高级应用,章节5-综合,5,0,0,0,764
U020316,Excel 高级应用,章节1-入门,1,1,1,70,892
U020316,Excel 高级应用,章节2-基础,2,1,1,31,892
U020316,Excel 高级应用,章节3-进阶,3,0,0,0,892
U020316,Excel 高级应用,章节4-实战,4,0,0,0,892
U020316,Excel 高级应用,章节5-综合,5,0,0,0,892
U020317,机器学习入门,章节1-入门,1,1,1,26,274
U020317,机器学习入门,章节2-基础,2,1,1,33,274
U020317,机器学习入门,章节3-进阶,3,1,1,41,274
U020317,机器学习入门,章节4-实战,4,1,0,78,274
U020317,机器学习入门,章节5-综合,5,0,0,0,274
U020318,Excel 高级应用,章节1-入门,1,1,1,15,881
U020318,Excel 高级应用,章节2-基础,2,1,1,70,881
U020318,Excel 高级应用,章节3-进阶,3,1,1,45,881
U020318,Excel 高级应用,章节4-实战,4,1,1,42,881
U020318,Excel 高级应用,章节5-综合,5,1,0,67,881
U020319,Excel 高级应用,章节1-入门,1,1,1,71,251
U020319,Excel 高级应用,章节2-基础,2,1,1,52,251
U020319,Excel 高级应用,章节3-进阶,3,1,1,63,251
U020319,Excel 高级应用,章节4-实战,4,1,1,53,251
U020319,Excel 高级应用,章节5-综合,5,0,0,0,251
U020320,机器学习入门,章节1-入门,1,1,1,55,162
U020320,机器学习入门,章节2-基础,2,1,1,26,162
U020320,机器学习入门,章节3-进阶,3,0,0,0,162
U020320,机器学习入门,章节4-实战,4,0,0,0,162
U020320,机器学习入门,章节5-综合,5,0,0,0,162
U020321,Python 数据分析,章节1-入门,1,1,1,63,388
U020321,Python 数据分析,章节2-基础,2,1,1,56,388
U020321,Python 数据分析,章节3-进阶,3,1,1,49,388
U020321,Python 数据分析,章节4-实战,4,1,1,55,388
U020321,Python 数据分析,章节5-综合,5,0,0,0,388
U020322,机器学习入门,章节1-入门,1,1,0,47,395
U020322,机器学习入门,章节2-基础,2,0,0,0,395
U020322,机器学习入门,章节3-进阶,3,0,0,0,395
U020322,机器学习入门,章节4-实战,4,0,0,0,395
U020322,机器学习入门,章节5-综合,5,0,0,0,395
U020323,Excel 高级应用,章节1-入门,1,1,1,56,359
U020323,Excel 高级应用,章节2-基础,2,1,1,39,359
U020323,Excel 高级应用,章节3-进阶,3,1,1,21,359
U020323,Excel 高级应用,章节4-实战,4,1,1,29,359
U020323,Excel 高级应用,章节5-综合,5,1,1,48,359
U020324,Python 数据分析,章节1-入门,1,1,1,59,279
U020324,Python 数据分析,章节2-基础,2,1,1,73,279
U020324,Python 数据分析,章节3-进阶,3,1,1,52,279
U020324,Python 数据分析,章节4-实战,4,0,0,0,279
U020324,Python 数据分析,章节5-综合,5,0,0,0,279
U020325,Excel 高级应用,章节1-入门,1,1,1,23,866
U020325,Excel 高级应用,章节2-基础,2,1,1,76,866
U020325,Excel 高级应用,章节3-进阶,3,1,1,13,866
U020325,Excel 高级应用,章节4-实战,4,0,0,0,866
U020325,Excel 高级应用,章节5-综合,5,0,0,0,866
U020326,Python 数据分析,章节1-入门,1,1,1,49,813
U020326,Python 数据分析,章节2-基础,2,1,1,15,813
U020326,Python 数据分析,章节3-进阶,3,0,0,0,813
U020326,Python 数据分析,章节4-实战,4,0,0,0,813
U020326,Python 数据分析,章节5-综合,5,0,0,0,813
U020327,机器学习入门,章节1-入门,1,1,1,49,680
U020327,机器学习入门,章节2-基础,2,1,1,78,680
U020327,机器学习入门,章节3-进阶,3,1,1,14,680
U020327,机器学习入门,章节4-实战,4,1,1,33,680
U020327,机器学习入门,章节5-综合,5,0,0,0,680
U020328,Excel 高级应用,章节1-入门,1,1,1,31,380
U020328,Excel 高级应用,章节2-基础,2,1,1,30,380
U020328,Excel 高级应用,章节3-进阶,3,0,0,0,380
U020328,Excel 高级应用,章节4-实战,4,0,0,0,380
U020328,Excel 高级应用,章节5-综合,5,0,0,0,380
U020329,Excel 高级应用,章节1-入门,1,1,1,77,607
U020329,Excel 高级应用,章节2-基础,2,1,1,17,607
U020329,Excel 高级应用,章节3-进阶,3,1,1,18,607
U020329,Excel 高级应用,章节4-实战,4,1,1,31,607
U020329,Excel 高级应用,章节5-综合,5,1,1,55,607
U020330,机器学习入门,章节1-入门,1,1,1,26,100
U020330,机器学习入门,章节2-基础,2,1,1,17,100
U020330,机器学习入门,章节3-进阶,3,1,1,40,100
U020330,机器学习入门,章节4-实战,4,1,1,24,100
U020330,机器学习入门,章节5-综合,5,1,1,16,100
U020331,机器学习入门,章节1-入门,1,1,1,57,325
U020331,机器学习入门,章节2-基础,2,1,0,15,325
U020331,机器学习入门,章节3-进阶,3,0,0,0,325
U020331,机器学习入门,章节4-实战,4,0,0,0,325
U020331,机器学习入门,章节5-综合,5,0,0,0,325
U020332,Python 数据分析,章节1-入门,1,1,1,33,597
U020332,Python 数据分析,章节2-基础,2,1,1,79,597
U020332,Python 数据分析,章节3-进阶,3,0,0,0,597
U020332,Python 数据分析,章节4-实战,4,0,0,0,597
U020332,Python 数据分析,章节5-综合,5,0,0,0,597
U020333,Excel 高级应用,章节1-入门,1,1,1,66,551
U020333,Excel 高级应用,章节2-基础,2,1,1,67,551
U020333,Excel 高级应用,章节3-进阶,3,1,1,14,551
U020333,Excel 高级应用,章节4-实战,4,1,1,78,551
U020333,Excel 高级应用,章节5-综合,5,1,1,48,551
U020334,Excel 高级应用,章节1-入门,1,1,1,39,529
U020334,Excel 高级应用,章节2-基础,2,1,1,11,529
U020334,Excel 高级应用,章节3-进阶,3,1,1,36,529
U020334,Excel 高级应用,章节4-实战,4,1,1,47,529
U020334,Excel 高级应用,章节5-综合,5,1,1,67,529
U020335,Python 数据分析,章节1-入门,1,1,1,38,865
U020335,Python 数据分析,章节2-基础,2,1,0,27,865
U020335,Python 数据分析,章节3-进阶,3,0,0,0,865
U020335,Python 数据分析,章节4-实战,4,0,0,0,865
U020335,Python 数据分析,章节5-综合,5,0,0,0,865
U020336,Python 数据分析,章节1-入门,1,1,1,20,125
U020336,Python 数据分析,章节2-基础,2,1,1,22,125
U020336,Python 数据分析,章节3-进阶,3,0,0,0,125
U020336,Python 数据分析,章节4-实战,4,0,0,0,125
U020336,Python 数据分析,章节5-综合,5,0,0,0,125
U020337,Excel 高级应用,章节1-入门,1,1,1,47,863
U020337,Excel 高级应用,章节2-基础,2,0,0,0,863
U020337,Excel 高级应用,章节3-进阶,3,0,0,0,863
U020337,Excel 高级应用,章节4-实战,4,0,0,0,863
U020337,Excel 高级应用,章节5-综合,5,0,0,0,863
U020338,Excel 高级应用,章节1-入门,1,1,1,53,229
U020338,Excel 高级应用,章节2-基础,2,1,1,43,229
U020338,Excel 高级应用,章节3-进阶,3,1,1,47,229
U020338,Excel 高级应用,章节4-实战,4,0,0,0,229
U020338,Excel 高级应用,章节5-综合,5,0,0,0,229
U020339,Excel 高级应用,章节1-入门,1,1,1,75,82
U020339,Excel 高级应用,章节2-基础,2,1,1,79,82
U020339,Excel 高级应用,章节3-进阶,3,1,1,57,82
U020339,Excel 高级应用,章节4-实战,4,0,0,0,82
U020339,Excel 高级应用,章节5-综合,5,0,0,0,82
U020340,机器学习入门,章节1-入门,1,1,1,46,431
U020340,机器学习入门,章节2-基础,2,1,1,30,431
U020340,机器学习入门,章节3-进阶,3,0,0,0,431
U020340,机器学习入门,章节4-实战,4,0,0,0,431
U020340,机器学习入门,章节5-综合,5,0,0,0,431
U020341,Excel 高级应用,章节1-入门,1,1,0,67,202
U020341,Excel 高级应用,章节2-基础,2,0,0,0,202
U020341,Excel 高级应用,章节3-进阶,3,0,0,0,202
U020341,Excel 高级应用,章节4-实战,4,0,0,0,202
U020341,Excel 高级应用,章节5-综合,5,0,0,0,202
U020342,Python 数据分析,章节1-入门,1,1,1,12,506
U020342,Python 数据分析,章节2-基础,2,1,1,62,506
U020342,Python 数据分析,章节3-进阶,3,1,1,43,506
U020342,Python 数据分析,章节4-实战,4,1,1,51,506
U020342,Python 数据分析,章节5-综合,5,1,1,23,506
U020343,Excel 高级应用,章节1-入门,1,1,1,19,229
U020343,Excel 高级应用,章节2-基础,2,1,1,79,229
U020343,Excel 高级应用,章节3-进阶,3,1,1,33,229
U020343,Excel 高级应用,章节4-实战,4,0,0,0,229
U020343,Excel 高级应用,章节5-综合,5,0,0,0,229
U020344,Python 数据分析,章节1-入门,1,1,0,49,271
U020344,Python 数据分析,章节2-基础,2,0,0,0,271
U020344,Python 数据分析,章节3-进阶,3,0,0,0,271
U020344,Python 数据分析,章节4-实战,4,0,0,0,271
U020344,Python 数据分析,章节5-综合,5,0,0,0,271
U020345,Python 数据分析,章节1-入门,1,1,1,77,671
U020345,Python 数据分析,章节2-基础,2,0,0,0,671
U020345,Python 数据分析,章节3-进阶,3,0,0,0,671
U020345,Python 数据分析,章节4-实战,4,0,0,0,671
U020345,Python 数据分析,章节5-综合,5,0,0,0,671
U020346,机器学习入门,章节1-入门,1,1,1,55,352
U020346,机器学习入门,章节2-基础,2,1,1,45,352
U020346,机器学习入门,章节3-进阶,3,1,1,39,352
U020346,机器学习入门,章节4-实战,4,1,1,22,352
U020346,机器学习入门,章节5-综合,5,1,1,25,352
U020347,Excel 高级应用,章节1-入门,1,1,1,70,441
U020347,Excel 高级应用,章节2-基础,2,1,1,31,441
U020347,Excel 高级应用,章节3-进阶,3,1,1,66,441
U020347,Excel 高级应用,章节4-实战,4,1,1,52,441
U020347,Excel 高级应用,章节5-综合,5,1,1,31,441
U020348,机器学习入门,章节1-入门,1,1,1,12,671
U020348,机器学习入门,章节2-基础,2,1,1,10,671
U020348,机器学习入门,章节3-进阶,3,1,1,20,671
U020348,机器学习入门,章节4-实战,4,1,1,57,671
U020348,机器学习入门,章节5-综合,5,0,0,0,671
U020349,Python 数据分析,章节1-入门,1,1,1,34,889
U020349,Python 数据分析,章节2-基础,2,0,0,0,889
U020349,Python 数据分析,章节3-进阶,3,0,0,0,889
U020349,Python 数据分析,章节4-实战,4,0,0,0,889
U020349,Python 数据分析,章节5-综合,5,0,0,0,889
U020350,机器学习入门,章节1-入门,1,1,1,77,742
U020350,机器学习入门,章节2-基础,2,1,1,54,742
U020350,机器学习入门,章节3-进阶,3,0,0,0,742
U020350,机器学习入门,章节4-实战,4,0,0,0,742
U020350,机器学习入门,章节5-综合,5,0,0,0,742
U020351,机器学习入门,章节1-入门,1,1,1,42,809
U020351,机器学习入门,章节2-基础,2,1,1,54,809
U020351,机器学习入门,章节3-进阶,3,1,1,69,809
U020351,机器学习入门,章节4-实战,4,0,0,0,809
U020351,机器学习入门,章节5-综合,5,0,0,0,809
U020352,机器学习入门,章节1-入门,1,1,1,64,503
U020352,机器学习入门,章节2-基础,2,1,1,61,503
U020352,机器学习入门,章节3-进阶,3,0,0,0,503
U020352,机器学习入门,章节4-实战,4,0,0,0,503
U020352,机器学习入门,章节5-综合,5,0,0,0,503
U020353,机器学习入门,章节1-入门,1,1,1,56,278
U020353,机器学习入门,章节2-基础,2,1,1,41,278
U020353,机器学习入门,章节3-进阶,3,0,0,0,278
U020353,机器学习入门,章节4-实战,4,0,0,0,278
U020353,机器学习入门,章节5-综合,5,0,0,0,278
U020354,Excel 高级应用,章节1-入门,1,1,1,18,781
U020354,Excel 高级应用,章节2-基础,2,1,1,65,781
U020354,Excel 高级应用,章节3-进阶,3,1,1,12,781
U020354,Excel 高级应用,章节4-实战,4,1,1,66,781
U020354,Excel 高级应用,章节5-综合,5,1,1,66,781
U020355,机器学习入门,章节1-入门,1,1,1,70,739
U020355,机器学习入门,章节2-基础,2,1,1,58,739
U020355,机器学习入门,章节3-进阶,3,1,1,15,739
U020355,机器学习入门,章节4-实战,4,1,1,65,739
U020355,机器学习入门,章节5-综合,5,0,0,0,739
U020356,Python 数据分析,章节1-入门,1,1,1,11,79
U020356,Python 数据分析,章节2-基础,2,1,1,28,79
U020356,Python 数据分析,章节3-进阶,3,0,0,0,79
U020356,Python 数据分析,章节4-实战,4,0,0,0,79
U020356,Python 数据分析,章节5-综合,5,0,0,0,79
U020357,机器学习入门,章节1-入门,1,1,1,58,550
U020357,机器学习入门,章节2-基础,2,1,1,31,550
U020357,机器学习入门,章节3-进阶,3,1,1,54,550
U020357,机器学习入门,章节4-实战,4,0,0,0,550
U020357,机器学习入门,章节5-综合,5,0,0,0,550
U020358,Python 数据分析,章节1-入门,1,1,1,11,819
U020358,Python 数据分析,章节2-基础,2,0,0,0,819
U020358,Python 数据分析,章节3-进阶,3,0,0,0,819
U020358,Python 数据分析,章节4-实战,4,0,0,0,819
U020358,Python 数据分析,章节5-综合,5,0,0,0,819
U020359,Python 数据分析,章节1-入门,1,1,1,53,212
U020359,Python 数据分析,章节2-基础,2,1,1,20,212
U020359,Python 数据分析,章节3-进阶,3,1,1,72,212
U020359,Python 数据分析,章节4-实战,4,0,0,0,212
U020359,Python 数据分析,章节5-综合,5,0,0,0,212
U020360,Excel 高级应用,章节1-入门,1,1,1,46,267
U020360,Excel 高级应用,章节2-基础,2,1,1,67,267
U020360,Excel 高级应用,章节3-进阶,3,1,1,36,267
U020360,Excel 高级应用,章节4-实战,4,0,0,0,267
U020360,Excel 高级应用,章节5-综合,5,0,0,0,267
U020361,Python 数据分析,章节1-入门,1,1,1,31,160
U020361,Python 数据分析,章节2-基础,2,0,0,0,160
U020361,Python 数据分析,章节3-进阶,3,0,0,0,160
U020361,Python 数据分析,章节4-实战,4,0,0,0,160
U020361,Python 数据分析,章节5-综合,5,0,0,0,160
U020362,Excel 高级应用,章节1-入门,1,1,1,21,642
U020362,Excel 高级应用,章节2-基础,2,0,0,0,642
U020362,Excel 高级应用,章节3-进阶,3,0,0,0,642
U020362,Excel 高级应用,章节4-实战,4,0,0,0,642
U020362,Excel 高级应用,章节5-综合,5,0,0,0,642
U020363,Excel 高级应用,章节1-入门,1,1,1,56,455
U020363,Excel 高级应用,章节2-基础,2,1,1,27,455
U020363,Excel 高级应用,章节3-进阶,3,1,1,58,455
U020363,Excel 高级应用,章节4-实战,4,1,1,62,455
U020363,Excel 高级应用,章节5-综合,5,1,1,41,455
U020364,Excel 高级应用,章节1-入门,1,1,1,78,688
U020364,Excel 高级应用,章节2-基础,2,0,0,0,688
U020364,Excel 高级应用,章节3-进阶,3,0,0,0,688
U020364,Excel 高级应用,章节4-实战,4,0,0,0,688
U020364,Excel 高级应用,章节5-综合,5,0,0,0,688
U020365,Python 数据分析,章节1-入门,1,1,1,71,264
U020365,Python 数据分析,章节2-基础,2,0,0,0,264
U020365,Python 数据分析,章节3-进阶,3,0,0,0,264
U020365,Python 数据分析,章节4-实战,4,0,0,0,264
U020365,Python 数据分析,章节5-综合,5,0,0,0,264
U020366,Excel 高级应用,章节1-入门,1,1,1,68,549
U020366,Excel 高级应用,章节2-基础,2,1,1,12,549
U020366,Excel 高级应用,章节3-进阶,3,1,1,77,549
U020366,Excel 高级应用,章节4-实战,4,1,1,69,549
U020366,Excel 高级应用,章节5-综合,5,0,0,0,549
U020367,机器学习入门,章节1-入门,1,1,1,13,674
U020367,机器学习入门,章节2-基础,2,1,1,43,674
U020367,机器学习入门,章节3-进阶,3,1,1,70,674
U020367,机器学习入门,章节4-实战,4,1,1,17,674
U020367,机器学习入门,章节5-综合,5,1,1,54,674
U020368,机器学习入门,章节1-入门,1,1,1,35,286
U020368,机器学习入门,章节2-基础,2,1,1,20,286
U020368,机器学习入门,章节3-进阶,3,0,0,0,286
U020368,机器学习入门,章节4-实战,4,0,0,0,286
U020368,机器学习入门,章节5-综合,5,0,0,0,286
U020369,Python 数据分析,章节1-入门,1,1,1,79,457
U020369,Python 数据分析,章节2-基础,2,1,1,69,457
U020369,Python 数据分析,章节3-进阶,3,0,0,0,457
U020369,Python 数据分析,章节4-实战,4,0,0,0,457
U020369,Python 数据分析,章节5-综合,5,0,0,0,457
U020370,机器学习入门,章节1-入门,1,1,1,75,633
U020370,机器学习入门,章节2-基础,2,0,0,0,633
U020370,机器学习入门,章节3-进阶,3,0,0,0,633
U020370,机器学习入门,章节4-实战,4,0,0,0,633
U020370,机器学习入门,章节5-综合,5,0,0,0,633
U020371,机器学习入门,章节1-入门,1,1,1,27,793
U020371,机器学习入门,章节2-基础,2,1,1,21,793
U020371,机器学习入门,章节3-进阶,3,1,1,22,793
U020371,机器学习入门,章节4-实战,4,0,0,0,793
U020371,机器学习入门,章节5-综合,5,0,0,0,793
U020372,Excel 高级应用,章节1-入门,1,1,1,23,588
U020372,Excel 高级应用,章节2-基础,2,1,1,15,588
U020372,Excel 高级应用,章节3-进阶,3,1,0,36,588
U020372,Excel 高级应用,章节4-实战,4,0,0,0,588
U020372,Excel 高级应用,章节5-综合,5,0,0,0,588
U020373,Python 数据分析,章节1-入门,1,1,1,66,799
U020373,Python 数据分析,章节2-基础,2,1,1,43,799
U020373,Python 数据分析,章节3-进阶,3,1,1,60,799
U020373,Python 数据分析,章节4-实战,4,1,1,24,799
U020373,Python 数据分析,章节5-综合,5,0,0,0,799
U020374,Python 数据分析,章节1-入门,1,1,1,41,309
U020374,Python 数据分析,章节2-基础,2,1,1,51,309
U020374,Python 数据分析,章节3-进阶,3,1,1,71,309
U020374,Python 数据分析,章节4-实战,4,0,0,0,309
U020374,Python 数据分析,章节5-综合,5,0,0,0,309
U020375,机器学习入门,章节1-入门,1,1,0,32,340
U020375,机器学习入门,章节2-基础,2,0,0,0,340
U020375,机器学习入门,章节3-进阶,3,0,0,0,340
U020375,机器学习入门,章节4-实战,4,0,0,0,340
U020375,机器学习入门,章节5-综合,5,0,0,0,340
U020376,机器学习入门,章节1-入门,1,1,1,19,449
U020376,机器学习入门,章节2-基础,2,1,1,77,449
U020376,机器学习入门,章节3-进阶,3,1,1,42,449
U020376,机器学习入门,章节4-实战,4,0,0,0,449
U020376,机器学习入门,章节5-综合,5,0,0,0,449
U020377,机器学习入门,章节1-入门,1,1,1,23,63
U020377,机器学习入门,章节2-基础,2,1,1,21,63
U020377,机器学习入门,章节3-进阶,3,0,0,0,63
U020377,机器学习入门,章节4-实战,4,0,0,0,63
U020377,机器学习入门,章节5-综合,5,0,0,0,63
U020378,Excel 高级应用,章节1-入门,1,1,1,62,729
U020378,Excel 高级应用,章节2-基础,2,1,1,37,729
U020378,Excel 高级应用,章节3-进阶,3,1,1,68,729
U020378,Excel 高级应用,章节4-实战,4,0,0,0,729
U020378,Excel 高级应用,章节5-综合,5,0,0,0,729
U020379,机器学习入门,章节1-入门,1,1,1,68,790
U020379,机器学习入门,章节2-基础,2,1,1,47,790
U020379,机器学习入门,章节3-进阶,3,1,1,67,790
U020379,机器学习入门,章节4-实战,4,0,0,0,790
U020379,机器学习入门,章节5-综合,5,0,0,0,790
U020380,Excel 高级应用,章节1-入门,1,1,1,54,441
U020380,Excel 高级应用,章节2-基础,2,1,1,17,441
U020380,Excel 高级应用,章节3-进阶,3,1,1,57,441
U020380,Excel 高级应用,章节4-实战,4,0,0,0,441
U020380,Excel 高级应用,章节5-综合,5,0,0,0,441
U020381,Python 数据分析,章节1-入门,1,1,1,41,702
U020381,Python 数据分析,章节2-基础,2,1,1,40,702
U020381,Python 数据分析,章节3-进阶,3,1,1,27,702
U020381,Python 数据分析,章节4-实战,4,1,1,66,702
U020381,Python 数据分析,章节5-综合,5,0,0,0,702
U020382,Python 数据分析,章节1-入门,1,1,1,24,152
U020382,Python 数据分析,章节2-基础,2,1,1,25,152
U020382,Python 数据分析,章节3-进阶,3,0,0,0,152
U020382,Python 数据分析,章节4-实战,4,0,0,0,152
U020382,Python 数据分析,章节5-综合,5,0,0,0,152
U020383,Excel 高级应用,章节1-入门,1,1,1,28,876
U020383,Excel 高级应用,章节2-基础,2,1,1,63,876
U020383,Excel 高级应用,章节3-进阶,3,1,1,13,876
U020383,Excel 高级应用,章节4-实战,4,1,1,42,876
U020383,Excel 高级应用,章节5-综合,5,1,1,55,876
U020384,Excel 高级应用,章节1-入门,1,1,1,74,219
U020384,Excel 高级应用,章节2-基础,2,1,1,26,219
U020384,Excel 高级应用,章节3-进阶,3,1,0,67,219
U020384,Excel 高级应用,章节4-实战,4,0,0,0,219
U020384,Excel 高级应用,章节5-综合,5,0,0,0,219
U020385,Python 数据分析,章节1-入门,1,1,1,39,546
U020385,Python 数据分析,章节2-基础,2,1,1,31,546
U020385,Python 数据分析,章节3-进阶,3,1,1,34,546
U020385,Python 数据分析,章节4-实战,4,0,0,0,546
U020385,Python 数据分析,章节5-综合,5,0,0,0,546
U020386,Python 数据分析,章节1-入门,1,1,1,36,742
U020386,Python 数据分析,章节2-基础,2,1,0,43,742
U020386,Python 数据分析,章节3-进阶,3,0,0,0,742
U020386,Python 数据分析,章节4-实战,4,0,0,0,742
U020386,Python 数据分析,章节5-综合,5,0,0,0,742
U020387,Excel 高级应用,章节1-入门,1,1,1,62,144
U020387,Excel 高级应用,章节2-基础,2,1,1,31,144
U020387,Excel 高级应用,章节3-进阶,3,0,0,0,144
U020387,Excel 高级应用,章节4-实战,4,0,0,0,144
U020387,Excel 高级应用,章节5-综合,5,0,0,0,144
U020388,Excel 高级应用,章节1-入门,1,1,1,10,705
U020388,Excel 高级应用,章节2-基础,2,1,1,39,705
U020388,Excel 高级应用,章节3-进阶,3,1,1,10,705
U020388,Excel 高级应用,章节4-实战,4,1,1,49,705
U020388,Excel 高级应用,章节5-综合,5,1,1,31,705
U020389,机器学习入门,章节1-入门,1,1,1,58,641
U020389,机器学习入门,章节2-基础,2,1,1,26,641
U020389,机器学习入门,章节3-进阶,3,1,1,65,641
U020389,机器学习入门,章节4-实战,4,0,0,0,641
U020389,机器学习入门,章节5-综合,5,0,0,0,641
U020390,机器学习入门,章节1-入门,1,1,1,33,80
U020390,机器学习入门,章节2-基础,2,1,1,62,80
U020390,机器学习入门,章节3-进阶,3,1,1,47,80
U020390,机器学习入门,章节4-实战,4,1,1,59,80
U020390,机器学习入门,章节5-综合,5,1,1,26,80
U020391,机器学习入门,章节1-入门,1,1,1,60,547
U020391,机器学习入门,章节2-基础,2,0,0,0,547
U020391,机器学习入门,章节3-进阶,3,0,0,0,547
U020391,机器学习入门,章节4-实战,4,0,0,0,547
U020391,机器学习入门,章节5-综合,5,0,0,0,547
U020392,Python 数据分析,章节1-入门,1,1,1,23,463
U020392,Python 数据分析,章节2-基础,2,1,1,20,463
U020392,Python 数据分析,章节3-进阶,3,0,0,0,463
U020392,Python 数据分析,章节4-实战,4,0,0,0,463
U020392,Python 数据分析,章节5-综合,5,0,0,0,463
U020393,Excel 高级应用,章节1-入门,1,1,1,22,77
U020393,Excel 高级应用,章节2-基础,2,1,1,69,77
U020393,Excel 高级应用,章节3-进阶,3,0,0,0,77
U020393,Excel 高级应用,章节4-实战,4,0,0,0,77
U020393,Excel 高级应用,章节5-综合,5,0,0,0,77
U020394,Python 数据分析,章节1-入门,1,1,1,55,863
U020394,Python 数据分析,章节2-基础,2,1,1,19,863
U020394,Python 数据分析,章节3-进阶,3,0,0,0,863
U020394,Python 数据分析,章节4-实战,4,0,0,0,863
U020394,Python 数据分析,章节5-综合,5,0,0,0,863
U020395,机器学习入门,章节1-入门,1,1,1,33,415
U020395,机器学习入门,章节2-基础,2,1,1,78,415
U020395,机器学习入门,章节3-进阶,3,1,1,65,415
U020395,机器学习入门,章节4-实战,4,1,1,53,415
U020395,机器学习入门,章节5-综合,5,1,1,77,415
U020396,Python 数据分析,章节1-入门,1,1,1,77,630
U020396,Python 数据分析,章节2-基础,2,1,1,30,630
U020396,Python 数据分析,章节3-进阶,3,1,1,33,630
U020396,Python 数据分析,章节4-实战,4,1,1,17,630
U020396,Python 数据分析,章节5-综合,5,0,0,0,630
U020397,Excel 高级应用,章节1-入门,1,1,1,38,884
U020397,Excel 高级应用,章节2-基础,2,1,1,17,884
U020397,Excel 高级应用,章节3-进阶,3,1,1,27,884
U020397,Excel 高级应用,章节4-实战,4,1,1,78,884
U020397,Excel 高级应用,章节5-综合,5,1,1,72,884
U020398,Excel 高级应用,章节1-入门,1,1,1,77,248
U020398,Excel 高级应用,章节2-基础,2,1,1,59,248
U020398,Excel 高级应用,章节3-进阶,3,1,1,30,248
U020398,Excel 高级应用,章节4-实战,4,0,0,0,248
U020398,Excel 高级应用,章节5-综合,5,0,0,0,248
U020399,Excel 高级应用,章节1-入门,1,1,1,59,356
U020399,Excel 高级应用,章节2-基础,2,1,1,16,356
U020399,Excel 高级应用,章节3-进阶,3,0,0,0,356
U020399,Excel 高级应用,章节4-实战,4,0,0,0,356
U020399,Excel 高级应用,章节5-综合,5,0,0,0,356
